{"stats":{"minecraft:killed_by":{"minecraft:player":6,"minecraft:skeleton":1,"minecraft:zombie":2},"minecraft:killed":{"minecraft:pig":7,"minecraft:witch":1,"minecraft:spider":1,"minecraft:sheep":3,"minecraft:skeleton":1,"minecraft:zombie":2,"minecraft:chicken":4,"minecraft:cow":1},"minecraft:used":{"minecraft:wheat_seeds":43,"minecraft:water_bucket":2,"minecraft:stone_sword":87,"minecraft:birch_planks":5,"minecraft:stone_pickaxe":227,"minecraft:stone_shovel":1252,"minecraft:chest":4,"minecraft:blue_bed":3,"minecraft:white_wool":1,"minecraft:torch":6,"minecraft:dirt":1073,"minecraft:crafting_table":3,"minecraft:granite":28,"minecraft:apple":2,"minecraft:stone_axe":197,"minecraft:cobblestone":9,"minecraft:purple_bed":1,"minecraft:oak_sapling":1,"minecraft:bucket":2,"minecraft:cooked_beef":1,"minecraft:birch_stairs":5,"minecraft:cooked_mutton":13},"minecraft:dropped":{"minecraft:sugar_cane":2,"minecraft:dirt":158,"minecraft:stone_pickaxe":15,"minecraft:string":1,"minecraft:bucket":2,"minecraft:bone":1},"minecraft:picked_up":{"minecraft:stripped_oak_log":1,"minecraft:crafting_table":2,"minecraft:wheat":11,"minecraft:leather_chestplate":1,"minecraft:feather":6,"minecraft:clay_ball":68,"minecraft:chicken":4,"minecraft:flower_pot":1,"minecraft:andesite":27,"minecraft:leather":1,"minecraft:red_mushroom":1,"minecraft:birch_planks":1,"minecraft:oak_log":61,"minecraft:lily_pad":79,"minecraft:cobblestone_wall":2,"minecraft:blue_bed":3,"minecraft:dirt":1438,"minecraft:string":3,"minecraft:leather_boots":1,"minecraft:cooked_mutton":22,"minecraft:bone":2,"minecraft:apple":6,"minecraft:wheat_seeds":54,"minecraft:bucket":2,"minecraft:spruce_planks":3,"minecraft:beef":4,"minecraft:stone_pickaxe":5,"minecraft:iron_ore":2,"minecraft:sugar_cane":15,"minecraft:birch_sapling":1,"minecraft:oak_planks":1,"minecraft:oak_slab":1,"minecraft:stick":40,"minecraft:torch":8,"minecraft:dandelion":1,"minecraft:porkchop":12,"minecraft:birch_stairs":4,"minecraft:spruce_sapling":2,"minecraft:spruce_log":3,"minecraft:spider_eye":1,"minecraft:cauldron":1,"minecraft:rotten_flesh":3,"minecraft:arrow":2,"minecraft:purple_bed":2,"minecraft:granite":28,"minecraft:oak_sapling":45,"minecraft:mutton":4,"minecraft:coal":25,"minecraft:white_wool":4,"minecraft:cobblestone":219,"minecraft:birch_log":7},"minecraft:mined":{"minecraft:birch_stairs":4,"minecraft:oak_slab":4,"minecraft:white_bed":2,"minecraft:farmland":6,"minecraft:crafting_table":2,"minecraft:torch":2,"minecraft:granite":19,"minecraft:grass_block":934,"minecraft:cobblestone":2,"minecraft:spruce_leaves":37,"minecraft:lily_pad":68,"minecraft:sugar_cane":6,"minecraft:oak_planks":1,"minecraft:blue_bed":1,"minecraft:wall_torch":4,"minecraft:cauldron":1,"minecraft:large_fern":3,"minecraft:seagrass":16,"minecraft:purple_bed":1,"minecraft:birch_planks":1,"minecraft:cobblestone_wall":2,"minecraft:birch_log":7,"minecraft:iron_ore":3,"minecraft:wheat":16,"minecraft:spruce_log":4,"minecraft:birch_leaves":1,"minecraft:andesite":4,"minecraft:potted_red_mushroom":1,"minecraft:grass_path":5,"minecraft:grass":77,"minecraft:oak_log":64,"minecraft:coal_ore":25,"minecraft:vine":21,"minecraft:gravel":1,"minecraft:dirt":325,"minecraft:stripped_oak_log":1,"minecraft:stone":154,"minecraft:fern":1,"minecraft:white_wool":1,"minecraft:oak_leaves":25},"minecraft:crafted":{"minecraft:cooked_beef":3,"minecraft:oak_planks":20,"minecraft:stone_shovel":10,"minecraft:crafting_table":1,"minecraft:spruce_planks":12,"minecraft:birch_planks":28,"minecraft:stone_axe":3,"minecraft:stick":56,"minecraft:stone_pickaxe":15,"minecraft:stone_sword":1,"minecraft:chest":4},"minecraft:broken":{"minecraft:stone_pickaxe":1,"minecraft:leather_boots":1,"minecraft:stone_axe":2,"minecraft:stone_shovel":9},"minecraft:custom":{"minecraft:interact_with_furnace":1,"minecraft:mob_kills":20,"minecraft:interact_with_crafting_table":20,"minecraft:play_one_minute":205629,"minecraft:bell_ring":31,"minecraft:leave_game":2,"minecraft:time_since_death":78304,"minecraft:sleep_in_bed":13,"minecraft:climb_one_cm":22556,"minecraft:time_since_rest":5379,"minecraft:sprint_one_cm":390873,"minecraft:damage_taken":3389,"minecraft:walk_one_cm":444045,"minecraft:drop":27,"minecraft:damage_dealt":3263,"minecraft:player_kills":3,"minecraft:swim_one_cm":8267,"minecraft:fly_one_cm":259909,"minecraft:open_chest":16,"minecraft:crouch_one_cm":2432,"minecraft:deaths":11,"minecraft:sneak_time":1157,"minecraft:walk_under_water_one_cm":17215,"minecraft:jump":2078,"minecraft:walk_on_water_one_cm":212461,"minecraft:interact_with_smoker":3,"minecraft:fall_one_cm":41007}},"DataVersion":2584}