{"stats":{"minecraft:killed_by":{"minecraft:player":1,"minecraft:creeper":2,"minecraft:spider":1,"minecraft:skeleton":5,"minecraft:zombie":3},"minecraft:killed":{"minecraft:spider":1,"minecraft:horse":2,"minecraft:skeleton":6,"minecraft:chicken":11,"minecraft:pig":8,"minecraft:sheep":15,"minecraft:zombie":6,"minecraft:cow":3},"minecraft:used":{"minecraft:stone_sword":219,"minecraft:stone_shovel":668,"minecraft:ladder":11,"minecraft:chest":7,"minecraft:wooden_shovel":100,"minecraft:stone_hoe":122,"minecraft:cooked_chicken":1,"minecraft:oak_door":3,"minecraft:torch":58,"minecraft:dirt":701,"minecraft:oak_fence_gate":1,"minecraft:wooden_axe":55,"minecraft:oak_stairs":8,"minecraft:hay_block":1,"minecraft:furnace":6,"minecraft:cooked_beef":8,"minecraft:cooked_mutton":2,"minecraft:wheat_seeds":154,"minecraft:water_bucket":274,"minecraft:birch_planks":19,"minecraft:stripped_birch_log":1,"minecraft:stone_pickaxe":250,"minecraft:oak_planks":562,"minecraft:birch_boat":3,"minecraft:blue_bed":1,"minecraft:oak_slab":445,"minecraft:crafting_table":4,"minecraft:white_bed":9,"minecraft:pumpkin_seeds":2,"minecraft:wooden_hoe":86,"minecraft:apple":8,"minecraft:string":2,"minecraft:stone_axe":543,"minecraft:purple_bed":2,"minecraft:cooked_porkchop":20,"minecraft:bucket":272,"minecraft:bone_meal":12},"minecraft:dropped":{"minecraft:spruce_sign":1,"minecraft:wheat_seeds":2,"minecraft:oak_log":2,"minecraft:feather":14,"minecraft:cobblestone":52,"minecraft:coal":64,"minecraft:dirt":94,"minecraft:wooden_axe":1,"minecraft:lily_pad":8,"minecraft:bucket":2,"minecraft:spruce_sapling":4,"minecraft:dandelion":4,"minecraft:pink_tulip":20,"minecraft:stone_axe":1,"minecraft:sweet_berries":3,"minecraft:stone_sword":1,"minecraft:rotten_flesh":7,"minecraft:cooked_mutton":22,"minecraft:white_bed":1,"minecraft:birch_fence_gate":1,"minecraft:poppy":4,"minecraft:spruce_planks":3,"minecraft:andesite":15,"minecraft:oak_sapling":20,"minecraft:wooden_shovel":1,"minecraft:birch_boat":1,"minecraft:stone_pickaxe":2},"minecraft:picked_up":{"minecraft:wooden_axe":1,"minecraft:crafting_table":2,"minecraft:wheat":9,"minecraft:allium":2,"minecraft:clay_ball":588,"minecraft:chicken":9,"minecraft:ladder":2,"minecraft:oak_stairs":8,"minecraft:string":3,"minecraft:blue_orchid":1,"minecraft:bucket":1,"minecraft:beef":5,"minecraft:white_tulip":26,"minecraft:poppy":4,"minecraft:chest":7,"minecraft:birch_sapling":14,"minecraft:stick":43,"minecraft:torch":60,"minecraft:porkchop":11,"minecraft:stone_sword":1,"minecraft:arrow":6,"minecraft:rotten_flesh":7,"minecraft:stone_shovel":2,"minecraft:peony":6,"minecraft:hay_block":2,"minecraft:pink_tulip":20,"minecraft:mutton":23,"minecraft:cobblestone":133,"minecraft:white_wool":10,"minecraft:birch_log":28,"minecraft:leather_chestplate":1,"minecraft:feather":14,"minecraft:cooked_beef":9,"minecraft:water_bucket":2,"minecraft:andesite":15,"minecraft:leather":5,"minecraft:birch_planks":2,"minecraft:oak_log":228,"minecraft:lily_pad":14,"minecraft:dirt":761,"minecraft:wooden_hoe":1,"minecraft:stripped_birch_log":1,"minecraft:blue_bed":1,"minecraft:leather_boots":1,"minecraft:cooked_mutton":4,"minecraft:bone":8,"minecraft:apple":10,"minecraft:wheat_seeds":156,"minecraft:cooked_chicken":6,"minecraft:stone_pickaxe":13,"minecraft:oak_planks":18,"minecraft:oak_slab":151,"minecraft:cooked_porkchop":11,"minecraft:birch_boat":3,"minecraft:pumpkin":5,"minecraft:sweet_berries":3,"minecraft:dandelion":4,"minecraft:birch_fence_gate":1,"minecraft:birch_stairs":1,"minecraft:spruce_sapling":4,"minecraft:white_bed":9,"minecraft:spruce_log":12,"minecraft:lily_of_the_valley":37,"minecraft:pumpkin_seeds":2,"minecraft:purple_bed":2,"minecraft:stone_axe":2,"minecraft:gray_wool":1,"minecraft:spruce_sign":1,"minecraft:oak_sapling":78,"minecraft:black_wool":1,"minecraft:coal":96},"minecraft:mined":{"minecraft:white_bed":7,"minecraft:farmland":1,"minecraft:granite":9,"minecraft:allium":2,"minecraft:grass_block":349,"minecraft:birch_slab":2,"minecraft:spruce_leaves":20,"minecraft:large_fern":2,"minecraft:hay_block":1,"minecraft:tall_seagrass":58,"minecraft:andesite":31,"minecraft:pumpkin":5,"minecraft:peony":6,"minecraft:vine":10,"minecraft:oak_stairs":5,"minecraft:pink_tulip":20,"minecraft:white_tulip":26,"minecraft:blue_orchid":1,"minecraft:stone":98,"minecraft:tripwire":2,"minecraft:oak_slab":59,"minecraft:birch_stairs":1,"minecraft:lily_of_the_valley":37,"minecraft:dandelion":8,"minecraft:clay":167,"minecraft:crafting_table":2,"minecraft:torch":40,"minecraft:poppy":4,"minecraft:chest":7,"minecraft:tall_grass":51,"minecraft:lily_pad":13,"minecraft:oak_planks":21,"minecraft:blue_bed":2,"minecraft:wall_torch":6,"minecraft:seagrass":22,"minecraft:birch_planks":3,"minecraft:purple_bed":3,"minecraft:birch_log":27,"minecraft:wheat":74,"minecraft:spruce_log":4,"minecraft:birch_leaves":11,"minecraft:grass":351,"minecraft:oak_log":227,"minecraft:coal_ore":99,"minecraft:dirt":348,"minecraft:red_mushroom_block":1,"minecraft:oak_leaves":128,"minecraft:fern":3},"minecraft:broken":{"minecraft:wooden_shovel":1,"minecraft:stone_sword":1,"minecraft:stone_pickaxe":1,"minecraft:stone_axe":5,"minecraft:wooden_axe":1,"minecraft:wooden_hoe":1,"minecraft:stone_shovel":5},"minecraft:crafted":{"minecraft:brick":254,"minecraft:oak_door":3,"minecraft:oak_planks":764,"minecraft:stone_shovel":3,"minecraft:birch_boat":1,"minecraft:cooked_chicken":9,"minecraft:birch_slab":150,"minecraft:furnace":6,"minecraft:bone_meal":12,"minecraft:cooked_mutton":21,"minecraft:ladder":9,"minecraft:spruce_slab":48,"minecraft:stone_pickaxe":1,"minecraft:chest":2,"minecraft:stone_hoe":1,"minecraft:oak_slab":468,"minecraft:wooden_shovel":2,"minecraft:cooked_porkchop":22,"minecraft:crafting_table":2,"minecraft:spruce_planks":32,"minecraft:hay_block":1,"minecraft:birch_planks":112,"minecraft:stone_axe":5,"minecraft:oak_fence_gate":1,"minecraft:wooden_hoe":2,"minecraft:stick":20,"minecraft:iron_ingot":2,"minecraft:oak_stairs":4,"minecraft:wooden_axe":1,"minecraft:stone_sword":1,"minecraft:white_bed":1},"minecraft:custom":{"minecraft:mob_kills":53,"minecraft:interact_with_crafting_table":38,"minecraft:leave_game":6,"minecraft:time_since_death":92225,"minecraft:climb_one_cm":35324,"minecraft:sprint_one_cm":752076,"minecraft:walk_one_cm":1008938,"minecraft:drop":347,"minecraft:deaths":16,"minecraft:sneak_time":21530,"minecraft:walk_under_water_one_cm":23284,"minecraft:boat_one_cm":35795,"minecraft:jump":2942,"minecraft:walk_on_water_one_cm":132507,"minecraft:interact_with_furnace":40,"minecraft:play_one_minute":376348,"minecraft:sleep_in_bed":21,"minecraft:time_since_rest":5560,"minecraft:damage_taken":6363,"minecraft:damage_dealt":6473,"minecraft:swim_one_cm":42192,"minecraft:fly_one_cm":144829,"minecraft:player_kills":3,"minecraft:open_chest":35,"minecraft:crouch_one_cm":66233,"minecraft:interact_with_smoker":15,"minecraft:fall_one_cm":59149}},"DataVersion":2584}