{"stats":{"minecraft:picked_up":{"minecraft:crafting_table":1,"minecraft:wheat":147,"minecraft:splash_potion":2,"minecraft:ladder":3,"minecraft:leather_leggings":1,"minecraft:nether_brick":24,"minecraft:iron_leggings":1,"minecraft:gold_nugget":120,"minecraft:iron_boots":2,"minecraft:stick":2,"minecraft:oak_door":11,"minecraft:torch":28,"minecraft:fire_charge":1,"minecraft:rotten_flesh":5,"minecraft:stone_shovel":1,"minecraft:iron_block":2,"minecraft:gold_ingot":4,"minecraft:blaze_rod":3,"minecraft:obsidian":4,"minecraft:cobblestone":55,"minecraft:birch_slab":1,"minecraft:cobblestone_stairs":1,"minecraft:dirt":20,"minecraft:wooden_hoe":1,"minecraft:lapis_lazuli":64,"minecraft:leather_boots":1,"minecraft:wheat_seeds":224,"minecraft:warped_stem":5,"minecraft:iron_ingot":22,"minecraft:soul_sand":4,"minecraft:oak_planks":277,"minecraft:oak_slab":33,"minecraft:warped_fungus":1,"minecraft:warped_wart_block":3,"minecraft:quartz":38,"minecraft:gravel":24,"minecraft:crying_obsidian":5,"minecraft:spectral_arrow":22,"minecraft:leather_helmet":3,"minecraft:lever":2,"minecraft:oak_button":2,"minecraft:netherrack":136,"minecraft:coal":4},"minecraft:killed_by":{"minecraft:enderman":1,"minecraft:zombie":1},"minecraft:custom":{"minecraft:interact_with_smithing_table":8,"minecraft:mob_kills":8,"minecraft:interact_with_anvil":11,"minecraft:interact_with_crafting_table":45,"minecraft:leave_game":13,"minecraft:time_since_death":40702,"minecraft:climb_one_cm":15523,"minecraft:sprint_one_cm":207467,"minecraft:walk_one_cm":657918,"minecraft:drop":159,"minecraft:deaths":11,"minecraft:sneak_time":18,"minecraft:walk_under_water_one_cm":6540,"minecraft:jump":1391,"minecraft:interact_with_brewingstand":5,"minecraft:interact_with_blast_furnace":15,"minecraft:walk_on_water_one_cm":27894,"minecraft:enchant_item":7,"minecraft:interact_with_furnace":21,"minecraft:play_one_minute":226535,"minecraft:interact_with_stonecutter":3,"minecraft:sleep_in_bed":3,"minecraft:time_since_rest":40847,"minecraft:damage_taken":5802,"minecraft:damage_dealt":1476,"minecraft:fly_one_cm":106329,"minecraft:open_chest":50,"minecraft:interact_with_smoker":6,"minecraft:fall_one_cm":34448},"minecraft:crafted":{"minecraft:oak_door":3,"minecraft:smooth_stone":5,"minecraft:oak_planks":256,"minecraft:furnace":1,"minecraft:blast_furnace":1,"minecraft:stone":7,"minecraft:lever":3,"minecraft:cooked_mutton":3,"minecraft:warped_planks":20,"minecraft:glass":16,"minecraft:iron_boots":3,"minecraft:iron_axe":1,"minecraft:ladder":3,"minecraft:chest":3,"minecraft:iron_door":3,"minecraft:glass_bottle":15,"minecraft:oak_slab":282,"minecraft:crafting_table":8,"minecraft:iron_helmet":2,"minecraft:iron_sword":1,"minecraft:smithing_table":2,"minecraft:brewing_stand":1,"minecraft:bread":45,"minecraft:warped_door":3,"minecraft:air":0,"minecraft:iron_chestplate":2,"minecraft:diamond_pickaxe":1,"minecraft:shield":1,"minecraft:stick":24,"minecraft:iron_ingot":104,"minecraft:iron_pickaxe":1,"minecraft:wooden_axe":1,"minecraft:iron_leggings":4},"minecraft:used":{"minecraft:stone_sword":10,"minecraft:ladder":1,"minecraft:chest":3,"minecraft:iron_sword":15,"minecraft:stone_hoe":3,"minecraft:cooked_chicken":7,"minecraft:netherrack":60,"minecraft:oak_door":9,"minecraft:torch":19,"minecraft:brewing_stand":1,"minecraft:dirt":19,"minecraft:warped_wart_block":3,"minecraft:wooden_axe":5,"minecraft:lava_bucket":8,"minecraft:iron_axe":49,"minecraft:cooked_beef":30,"minecraft:cooked_mutton":1,"minecraft:water_bucket":5,"minecraft:stone_pickaxe":188,"minecraft:oak_planks":128,"minecraft:oak_slab":292,"minecraft:blast_furnace":1,"minecraft:white_bed":1,"minecraft:lever":1,"minecraft:diamond_pickaxe":58,"minecraft:birch_slab":1,"minecraft:iron_pickaxe":134,"minecraft:iron_door":3,"minecraft:gravel":12,"minecraft:stone_axe":4,"minecraft:cobblestone":17,"minecraft:smithing_table":1,"minecraft:bucket":14,"minecraft:splash_potion":2},"minecraft:mined":{"minecraft:nether_gold_ore":15,"minecraft:oak_door":12,"minecraft:cobblestone_stairs":1,"minecraft:obsidian":1,"minecraft:grass_block":4,"minecraft:tall_seagrass":2,"minecraft:nether_sprouts":1,"minecraft:fire":23,"minecraft:warped_stem":5,"minecraft:iron_block":2,"minecraft:stone":54,"minecraft:oak_slab":29,"minecraft:crafting_table":1,"minecraft:torch":14,"minecraft:chest":2,"minecraft:cobblestone":1,"minecraft:nether_quartz_ore":54,"minecraft:oak_planks":9,"minecraft:blue_bed":1,"minecraft:wall_torch":17,"minecraft:warped_wart_block":5,"minecraft:wheat":135,"minecraft:warped_fungus":1,"minecraft:coal_ore":4,"minecraft:gravel":7,"minecraft:dirt":20,"minecraft:netherrack":166},"minecraft:killed":{"minecraft:zombified_piglin":1,"minecraft:piglin":1,"minecraft:squid":1,"minecraft:zombie":1,"minecraft:blaze":2},"minecraft:dropped":{"minecraft:iron_ingot":11,"minecraft:oak_slab":20,"minecraft:wheat_seeds":160,"minecraft:warped_fungus":1,"minecraft:glass_bottle":12,"minecraft:smithing_table":1,"minecraft:spectral_arrow":22,"minecraft:leather_helmet":4,"minecraft:stick":4,"minecraft:cobblestone_stairs":1,"minecraft:wooden_hoe":1,"minecraft:iron_leggings":2,"minecraft:gold_nugget":120,"minecraft:smooth_stone":2,"minecraft:gold_ingot":2,"minecraft:stone_axe":1,"minecraft:lever":4,"minecraft:blaze_rod":1,"minecraft:nether_brick":24,"minecraft:wheat":12,"minecraft:obsidian":2,"minecraft:stone_shovel":3,"minecraft:rotten_flesh":4,"minecraft:iron_boots":2,"minecraft:leather_chestplate":1,"minecraft:stone":2,"minecraft:oak_button":2,"minecraft:ladder":2,"minecraft:leather_leggings":1,"minecraft:stone_pickaxe":1,"minecraft:crying_obsidian":5,"minecraft:quartz":37,"minecraft:netherrack":68}},"DataVersion":2584}