{"stats":{"minecraft:picked_up":{"minecraft:wooden_axe":1,"minecraft:wheat":371,"minecraft:redstone_block":1,"minecraft:flower_pot":2,"minecraft:oak_stairs":8,"minecraft:potion":4,"minecraft:enchanted_book":1,"minecraft:nether_brick":17,"minecraft:lapis_block":10,"minecraft:string":17,"minecraft:iron_leggings":2,"minecraft:shroomlight":3,"minecraft:gold_nugget":488,"minecraft:bucket":1,"minecraft:spruce_planks":1,"minecraft:white_tulip":26,"minecraft:iron_pickaxe":1,"minecraft:coal_block":1,"minecraft:iron_boots":3,"minecraft:furnace":3,"minecraft:golden_helmet":1,"minecraft:stick":122,"minecraft:torch":548,"minecraft:porkchop":31,"minecraft:diorite":6,"minecraft:cauldron":1,"minecraft:stone_sword":1,"minecraft:rotten_flesh":58,"minecraft:polished_basalt":2,"minecraft:iron_block":5,"minecraft:blaze_rod":1,"minecraft:obsidian":30,"minecraft:cobblestone":1047,"minecraft:enchanting_table":1,"minecraft:birch_log":64,"minecraft:leather_chestplate":3,"minecraft:feather":20,"minecraft:cooked_beef":9,"minecraft:birch_slab":1,"minecraft:water_bucket":2,"minecraft:andesite":105,"minecraft:flint":2,"minecraft:lapis_lazuli":83,"minecraft:stripped_birch_log":1,"minecraft:dirt":1512,"minecraft:twisting_vines":4,"minecraft:leather_boots":2,"minecraft:bone":27,"minecraft:bow":1,"minecraft:wheat_seeds":1269,"minecraft:glowstone_dust":74,"minecraft:oak_planks":216,"minecraft:cooked_porkchop":11,"minecraft:warped_wart_block":4,"minecraft:birch_fence_gate":1,"minecraft:sand":817,"minecraft:ink_sac":1,"minecraft:grass_block":1,"minecraft:lily_of_the_valley":37,"minecraft:spectral_arrow":57,"minecraft:diamond":5,"minecraft:lever":8,"minecraft:crossbow":1,"minecraft:granite":44,"minecraft:spruce_sign":1,"minecraft:emerald":5,"minecraft:oak_sapling":128,"minecraft:netherrack":259,"minecraft:crafting_table":14,"minecraft:allium":3,"minecraft:splash_potion":2,"minecraft:chicken":13,"minecraft:ladder":4,"minecraft:clay_ball":596,"minecraft:leather_leggings":2,"minecraft:gold_block":3,"minecraft:iron_axe":1,"minecraft:iron_shovel":1,"minecraft:blackstone":70,"minecraft:blue_orchid":1,"minecraft:beef":13,"minecraft:iron_nugget":124,"minecraft:poppy":4,"minecraft:sugar_cane":3,"minecraft:chest":11,"minecraft:birch_sapling":17,"minecraft:egg":23,"minecraft:fire_charge":7,"minecraft:redstone":361,"minecraft:stone_shovel":2,"minecraft:arrow":47,"minecraft:peony":6,"minecraft:nether_bricks":1,"minecraft:shears":2,"minecraft:hay_block":8,"minecraft:pink_tulip":20,"minecraft:gold_ingot":58,"minecraft:mutton":43,"minecraft:white_wool":26,"minecraft:basalt":7,"minecraft:leather":32,"minecraft:red_mushroom":3,"minecraft:birch_planks":4,"minecraft:oak_log":469,"minecraft:lily_pad":76,"minecraft:golden_boots":1,"minecraft:cobblestone_wall":2,"minecraft:gunpowder":5,"minecraft:cobblestone_stairs":10,"minecraft:wooden_hoe":1,"minecraft:blue_bed":3,"minecraft:white_banner":1,"minecraft:cooked_mutton":7,"minecraft:apple":18,"minecraft:warped_stem":15,"minecraft:iron_ingot":31,"minecraft:stone_pickaxe":20,"minecraft:cooked_chicken":6,"minecraft:iron_ore":270,"minecraft:glass_bottle":2,"minecraft:soul_sand":32,"minecraft:oak_slab":186,"minecraft:warped_fungus":1,"minecraft:pumpkin":6,"minecraft:birch_boat":3,"minecraft:sweet_berries":3,"minecraft:quartz":94,"minecraft:dandelion":6,"minecraft:gravel":85,"minecraft:birch_stairs":1,"minecraft:spruce_sapling":8,"minecraft:white_bed":18,"minecraft:spruce_log":12,"minecraft:gold_ore":12,"minecraft:spider_eye":1,"minecraft:crying_obsidian":13,"minecraft:leather_helmet":1,"minecraft:pumpkin_seeds":9,"minecraft:purple_bed":2,"minecraft:slime_ball":2,"minecraft:stone_axe":2,"minecraft:gray_wool":1,"minecraft:warped_roots":2,"minecraft:oak_button":2,"minecraft:black_wool":2,"minecraft:warped_nylium":1,"minecraft:coal":362,"minecraft:ender_pearl":3},"minecraft:killed_by":{"minecraft:zombified_piglin":1,"minecraft:creeper":6,"minecraft:pillager":2,"minecraft:piglin":2,"minecraft:silverfish":1,"minecraft:zombie":17,"minecraft:player":1,"minecraft:spider":4,"minecraft:enderman":3,"minecraft:skeleton":12},"minecraft:custom":{"minecraft:animals_bred":3,"minecraft:interact_with_crafting_table":111,"minecraft:leave_game":20,"minecraft:time_since_death":3742,"minecraft:sprint_one_cm":1899104,"minecraft:damage_blocked_by_shield":7000,"minecraft:drop":1311,"minecraft:deaths":65,"minecraft:jump":11675,"minecraft:interact_with_brewingstand":10,"minecraft:enchant_item":7,"minecraft:walk_on_water_one_cm":353289,"minecraft:interact_with_furnace":204,"minecraft:play_one_minute":1070554,"minecraft:sleep_in_bed":47,"minecraft:damage_dealt":21298,"minecraft:player_kills":3,"minecraft:crouch_one_cm":157261,"minecraft:interact_with_smoker":39,"minecraft:interact_with_smithing_table":2,"minecraft:interact_with_anvil":4,"minecraft:mob_kills":146,"minecraft:climb_one_cm":70325,"minecraft:walk_one_cm":2645738,"minecraft:sneak_time":62323,"minecraft:walk_under_water_one_cm":52821,"minecraft:boat_one_cm":35795,"minecraft:interact_with_blast_furnace":3,"minecraft:pot_flower":2,"minecraft:interact_with_stonecutter":3,"minecraft:time_since_rest":3776,"minecraft:damage_taken":24769,"minecraft:swim_one_cm":88885,"minecraft:fly_one_cm":1049810,"minecraft:open_chest":238,"minecraft:fall_one_cm":288122},"minecraft:broken":{"minecraft:iron_shovel":2,"minecraft:wooden_shovel":1,"minecraft:iron_boots":1,"minecraft:iron_chestplate":1,"minecraft:iron_leggings":1,"minecraft:stone_pickaxe":10,"minecraft:stone_axe":7,"minecraft:wooden_axe":1,"minecraft:bow":1,"minecraft:stone_shovel":7,"minecraft:stone_sword":1,"minecraft:shield":1,"minecraft:iron_axe":4,"minecraft:leather_boots":1,"minecraft:iron_pickaxe":1,"minecraft:iron_helmet":2,"minecraft:wooden_hoe":1},"minecraft:crafted":{"minecraft:brick":574,"minecraft:oak_planks":1728,"minecraft:oak_sign":3,"minecraft:blaze_powder":2,"minecraft:birch_boat":1,"minecraft:cooked_chicken":17,"minecraft:birch_slab":438,"minecraft:cooked_mutton":44,"minecraft:glass":176,"minecraft:iron_boots":1,"minecraft:polished_basalt":4,"minecraft:chest":2,"minecraft:oak_button":6,"minecraft:bricks":130,"minecraft:stone_hoe":1,"minecraft:flower_pot":1,"minecraft:respawn_anchor":1,"minecraft:oak_slab":1866,"minecraft:wooden_shovel":2,"minecraft:cooked_porkchop":43,"minecraft:crafting_table":13,"minecraft:spruce_planks":48,"minecraft:iron_helmet":2,"minecraft:gold_block":3,"minecraft:hay_block":25,"minecraft:birch_planks":256,"minecraft:diamond_pickaxe":1,"minecraft:wooden_hoe":3,"minecraft:iron_chestplate":2,"minecraft:shield":3,"minecraft:stick":136,"minecraft:iron_ingot":248,"minecraft:iron_pickaxe":1,"minecraft:iron_block":24,"minecraft:stone_sword":1,"minecraft:gold_ingot":103,"minecraft:shears":2,"minecraft:oak_door":3,"minecraft:coal":9,"minecraft:stone_shovel":5,"minecraft:furnace":7,"minecraft:bone_meal":90,"minecraft:flint_and_steel":1,"minecraft:iron_axe":5,"minecraft:ladder":9,"minecraft:spruce_slab":90,"minecraft:stone_pickaxe":1,"minecraft:redstone_block":25,"minecraft:cooked_beef":14,"minecraft:coal_block":17,"minecraft:enchanting_table":1,"minecraft:stone_axe":6,"minecraft:glowstone":18,"minecraft:bread":2,"minecraft:air":0,"minecraft:oak_fence_gate":1,"minecraft:oak_stairs":4,"minecraft:wooden_axe":1,"minecraft:iron_shovel":1,"minecraft:iron_leggings":1,"minecraft:anvil":1,"minecraft:white_bed":1,"minecraft:torch":656,"minecraft:lapis_lazuli":81,"minecraft:lapis_block":9},"minecraft:used":{"minecraft:iron_shovel":509,"minecraft:ladder":12,"minecraft:oak_sign":3,"minecraft:polished_basalt":6,"minecraft:chest":13,"minecraft:shield":152,"minecraft:obsidian":17,"minecraft:lava_bucket":26,"minecraft:bow":8,"minecraft:hay_block":31,"minecraft:furnace":10,"minecraft:gold_block":3,"minecraft:egg":19,"minecraft:diorite":1,"minecraft:stripped_birch_log":1,"minecraft:stone_pickaxe":1316,"minecraft:oak_planks":688,"minecraft:redstone_block":26,"minecraft:blue_bed":2,"minecraft:respawn_anchor":1,"minecraft:sand":1,"minecraft:crossbow":4,"minecraft:pumpkin_seeds":9,"minecraft:lever":1,"minecraft:string":2,"minecraft:gravel":3,"minecraft:fire_charge":3,"minecraft:coal_block":17,"minecraft:andesite":8,"minecraft:bone_meal":90,"minecraft:enchanting_table":2,"minecraft:stone_sword":219,"minecraft:flint_and_steel":8,"minecraft:stone_shovel":931,"minecraft:wooden_shovel":100,"minecraft:stone_hoe":132,"minecraft:cooked_chicken":22,"minecraft:netherrack":95,"minecraft:oak_door":3,"minecraft:torch":1082,"minecraft:dirt":1164,"minecraft:anvil":1,"minecraft:granite":6,"minecraft:oak_fence_gate":1,"minecraft:wooden_axe":55,"minecraft:iron_block":26,"minecraft:iron_axe":889,"minecraft:oak_stairs":8,"minecraft:cooked_beef":25,"minecraft:pumpkin":6,"minecraft:wheat_seeds":563,"minecraft:cooked_mutton":14,"minecraft:water_bucket":346,"minecraft:cobblestone_stairs":9,"minecraft:birch_planks":19,"minecraft:glass_bottle":10,"minecraft:birch_boat":3,"minecraft:oak_slab":457,"minecraft:crafting_table":15,"minecraft:white_bed":16,"minecraft:oak_log":5,"minecraft:wooden_hoe":89,"minecraft:flower_pot":2,"minecraft:diamond_pickaxe":411,"minecraft:apple":8,"minecraft:oak_button":6,"minecraft:iron_pickaxe":493,"minecraft:stone_axe":664,"minecraft:cobblestone":278,"minecraft:potion":7,"minecraft:purple_bed":2,"minecraft:cooked_porkchop":54,"minecraft:bucket":373,"minecraft:lapis_block":10},"minecraft:mined":{"minecraft:white_bed":15,"minecraft:farmland":1,"minecraft:cobblestone_stairs":9,"minecraft:obsidian":24,"minecraft:granite":44,"minecraft:grass_block":672,"minecraft:coal_block":1,"minecraft:tall_seagrass":97,"minecraft:glowstone":27,"minecraft:iron_ore":246,"minecraft:fire":74,"minecraft:pumpkin":6,"minecraft:enchanting_table":1,"minecraft:oak_stairs":5,"minecraft:pink_tulip":20,"minecraft:blue_orchid":1,"minecraft:iron_block":5,"minecraft:tripwire":2,"minecraft:blackstone":1,"minecraft:twisting_vines_plant":2,"minecraft:clay":175,"minecraft:torch":383,"minecraft:poppy":4,"minecraft:chest":9,"minecraft:nether_quartz_ore":51,"minecraft:cobblestone":35,"minecraft:sugar_cane":1,"minecraft:oak_planks":27,"minecraft:wall_torch":77,"minecraft:seagrass":50,"minecraft:warped_nylium":18,"minecraft:birch_log":63,"minecraft:lapis_block":10,"minecraft:wheat":433,"minecraft:pumpkin_stem":4,"minecraft:grass":374,"minecraft:oak_log":453,"minecraft:sand":423,"minecraft:dirt":661,"minecraft:red_mushroom_block":1,"minecraft:netherrack":230,"minecraft:oak_leaves":198,"minecraft:nether_gold_ore":113,"minecraft:diamond_ore":6,"minecraft:lever":2,"minecraft:nether_bricks":2,"minecraft:allium":2,"minecraft:birch_slab":2,"minecraft:spruce_leaves":20,"minecraft:red_mushroom":2,"minecraft:large_fern":5,"minecraft:hay_block":6,"minecraft:redstone_ore":55,"minecraft:furnace":3,"minecraft:polished_basalt":2,"minecraft:andesite":79,"minecraft:peony":6,"minecraft:gold_block":3,"minecraft:shroomlight":3,"minecraft:vine":20,"minecraft:warped_stem":15,"minecraft:stone":799,"minecraft:white_tulip":26,"minecraft:potted_allium":1,"minecraft:oak_slab":75,"minecraft:birch_stairs":1,"minecraft:redstone_block":1,"minecraft:lily_of_the_valley":37,"minecraft:basalt":8,"minecraft:dandelion":8,"minecraft:crafting_table":10,"minecraft:emerald_ore":6,"minecraft:warped_roots":2,"minecraft:tall_grass":52,"minecraft:lapis_ore":12,"minecraft:lily_pad":24,"minecraft:diorite":7,"minecraft:blue_bed":3,"minecraft:warped_wart_block":3,"minecraft:birch_planks":3,"minecraft:purple_bed":3,"minecraft:spruce_log":4,"minecraft:birch_leaves":15,"minecraft:grass_path":1,"minecraft:coal_ore":345,"minecraft:gravel":4,"minecraft:gold_ore":12,"minecraft:infested_stone":9,"minecraft:fern":3},"minecraft:killed":{"minecraft:witch":1,"minecraft:spider":6,"minecraft:skeleton":17,"minecraft:chicken":15,"minecraft:silverfish":1,"minecraft:cat":1,"minecraft:piglin":4,"minecraft:pig":16,"minecraft:sheep":28,"minecraft:pillager":4,"minecraft:zombie":29,"minecraft:blaze":1,"minecraft:cow":7,"minecraft:slime":5,"minecraft:horse":2,"minecraft:drowned":1,"minecraft:bat":1,"minecraft:squid":1,"minecraft:enderman":3},"minecraft:dropped":{"minecraft:spruce_sign":1,"minecraft:lapis_lazuli":64,"minecraft:cooked_beef":3,"minecraft:oak_log":2,"minecraft:crafting_table":1,"minecraft:warped_roots":2,"minecraft:birch_slab":2,"minecraft:leather_helmet":1,"minecraft:red_mushroom":2,"minecraft:dirt":289,"minecraft:mutton":4,"minecraft:gold_ingot":122,"minecraft:bone":3,"minecraft:gravel":1,"minecraft:stone_axe":1,"minecraft:lever":3,"minecraft:cooked_chicken":1,"minecraft:nether_brick":9,"minecraft:birch_sapling":1,"minecraft:wheat":2,"minecraft:rotten_flesh":34,"minecraft:oak_planks":423,"minecraft:cooked_mutton":24,"minecraft:white_bed":1,"minecraft:birch_fence_gate":1,"minecraft:poppy":4,"minecraft:leather_chestplate":2,"minecraft:gunpowder":1,"minecraft:leather_boots":1,"minecraft:leather_leggings":2,"minecraft:arrow":2,"minecraft:beef":4,"minecraft:quartz":11,"minecraft:egg":4,"minecraft:stone_hoe":1,"minecraft:oak_slab":1,"minecraft:wheat_seeds":41,"minecraft:feather":14,"minecraft:cobblestone":255,"minecraft:apple":10,"minecraft:granite":3,"minecraft:coal":74,"minecraft:stick":6,"minecraft:lava_bucket":1,"minecraft:diorite":3,"minecraft:ink_sac":1,"minecraft:wooden_hoe":1,"minecraft:torch":66,"minecraft:wooden_axe":1,"minecraft:fire_charge":2,"minecraft:potion":1,"minecraft:iron_leggings":1,"minecraft:string":4,"minecraft:lily_pad":8,"minecraft:bucket":2,"minecraft:spruce_sapling":6,"minecraft:dandelion":5,"minecraft:redstone":42,"minecraft:pink_tulip":20,"minecraft:sweet_berries":3,"minecraft:stone_sword":1,"minecraft:shears":1,"minecraft:shield":1,"minecraft:spruce_planks":4,"minecraft:andesite":15,"minecraft:oak_sapling":25,"minecraft:wooden_shovel":1,"minecraft:birch_boat":1,"minecraft:stone_pickaxe":3}},"DataVersion":2584}