{"stats":{"minecraft:killed_by":{"minecraft:player":3,"minecraft:wolf":1,"minecraft:skeleton":2,"minecraft:zombie":3},"minecraft:killed":{"minecraft:spider":2,"minecraft:cod":1,"minecraft:horse":11,"minecraft:chicken":8,"minecraft:pig":16,"minecraft:sheep":16,"minecraft:zombie":2,"minecraft:cow":22},"minecraft:used":{"minecraft:stone_sword":355,"minecraft:stone_shovel":399,"minecraft:chest":1,"minecraft:cooked_chicken":2,"minecraft:stone_hoe":262,"minecraft:oak_door":1,"minecraft:torch":75,"minecraft:dirt":307,"minecraft:cobblestone_wall":100,"minecraft:furnace":2,"minecraft:wheat_seeds":46,"minecraft:cooked_mutton":5,"minecraft:water_bucket":71,"minecraft:birch_planks":1,"minecraft:baked_potato":8,"minecraft:stone_pickaxe":380,"minecraft:oak_planks":116,"minecraft:wooden_pickaxe":34,"minecraft:stonecutter":1,"minecraft:blue_bed":1,"minecraft:oak_slab":66,"minecraft:crafting_table":9,"minecraft:white_bed":3,"minecraft:smoker":1,"minecraft:apple":4,"minecraft:birch_fence_gate":1,"minecraft:birch_slab":2,"minecraft:bread":4,"minecraft:stone_axe":378,"minecraft:wooden_sword":4,"minecraft:cobblestone":14,"minecraft:cooked_porkchop":4,"minecraft:bucket":73,"minecraft:birch_stairs":22},"minecraft:dropped":{"minecraft:water_bucket":2,"minecraft:oak_slab":118,"minecraft:wheat_seeds":11,"minecraft:cooked_beef":9,"minecraft:cooked_porkchop":11,"minecraft:feather":5,"minecraft:cobblestone":49,"minecraft:apple":4,"minecraft:dirt":74,"minecraft:diorite":1,"minecraft:torch":16,"minecraft:brown_wool":1,"minecraft:oak_stairs":1,"minecraft:wooden_sword":2,"minecraft:string":1,"minecraft:bucket":2,"minecraft:dandelion":1,"minecraft:bone":1,"minecraft:stone_axe":3,"minecraft:cooked_chicken":9,"minecraft:stone_sword":3,"minecraft:stone_shovel":2,"minecraft:rotten_flesh":1,"minecraft:cooked_mutton":6,"minecraft:birch_fence_gate":1,"minecraft:poppy":2,"minecraft:leather_chestplate":2,"minecraft:leather_boots":2,"minecraft:ladder":2,"minecraft:oak_sapling":22,"minecraft:leather_leggings":2,"minecraft:birch_boat":3,"minecraft:egg":5},"minecraft:picked_up":{"minecraft:crafting_table":5,"minecraft:wheat":10,"minecraft:chicken":10,"minecraft:ladder":2,"minecraft:leather_leggings":2,"minecraft:oak_stairs":1,"minecraft:string":1,"minecraft:wooden_sword":1,"minecraft:bucket":3,"minecraft:beef":42,"minecraft:poppy":4,"minecraft:light_gray_wool":2,"minecraft:birch_sapling":4,"minecraft:furnace":2,"minecraft:egg":5,"minecraft:stick":7,"minecraft:oak_door":1,"minecraft:torch":26,"minecraft:porkchop":43,"minecraft:diorite":1,"minecraft:stone_sword":2,"minecraft:rotten_flesh":1,"minecraft:mutton":22,"minecraft:white_wool":13,"minecraft:cobblestone":266,"minecraft:stripped_oak_log":6,"minecraft:birch_log":108,"minecraft:feather":5,"minecraft:brown_wool":1,"minecraft:leather":37,"minecraft:birch_planks":5,"minecraft:oak_log":112,"minecraft:cobblestone_wall":8,"minecraft:stripped_birch_log":1,"minecraft:dirt":431,"minecraft:blue_bed":1,"minecraft:cooked_mutton":2,"minecraft:bone":1,"minecraft:apple":9,"minecraft:stonecutter":1,"minecraft:wheat_seeds":57,"minecraft:stone_pickaxe":1,"minecraft:cooked_chicken":3,"minecraft:oak_planks":14,"minecraft:oak_slab":41,"minecraft:birch_boat":3,"minecraft:dandelion":1,"minecraft:gravel":1,"minecraft:birch_fence_gate":1,"minecraft:birch_stairs":2,"minecraft:white_bed":1,"minecraft:leather_helmet":1,"minecraft:stone_axe":2,"minecraft:granite":7,"minecraft:oak_sapling":23,"minecraft:coal":83},"minecraft:mined":{"minecraft:farmland":22,"minecraft:oak_door":1,"minecraft:stripped_birch_log":1,"minecraft:birch_fence_gate":1,"minecraft:granite":7,"minecraft:grass_block":203,"minecraft:spruce_leaves":5,"minecraft:furnace":2,"minecraft:peony":1,"minecraft:vine":1,"minecraft:stripped_oak_log":6,"minecraft:stone":272,"minecraft:oak_slab":34,"minecraft:birch_stairs":3,"minecraft:dandelion":1,"minecraft:crafting_table":6,"minecraft:torch":11,"minecraft:cobblestone":6,"minecraft:tall_grass":9,"minecraft:oak_planks":13,"minecraft:diorite":1,"minecraft:blue_bed":2,"minecraft:wall_torch":5,"minecraft:birch_planks":5,"minecraft:cobblestone_wall":8,"minecraft:birch_log":89,"minecraft:wheat":22,"minecraft:birch_leaves":15,"minecraft:grass_path":2,"minecraft:grass":85,"minecraft:oak_log":112,"minecraft:coal_ore":56,"minecraft:dirt":218,"minecraft:stonecutter":1,"minecraft:oak_leaves":151,"minecraft:fern":1},"minecraft:crafted":{"minecraft:wooden_sword":2,"minecraft:oak_planks":432,"minecraft:stone_shovel":5,"minecraft:leather_leggings":1,"minecraft:leather_boots":2,"minecraft:birch_boat":1,"minecraft:cooked_chicken":10,"minecraft:birch_slab":18,"minecraft:furnace":2,"minecraft:cooked_mutton":22,"minecraft:birch_fence_gate":1,"minecraft:stone_pickaxe":3,"minecraft:chest":1,"minecraft:stone_hoe":2,"minecraft:smoker":1,"minecraft:cooked_beef":42,"minecraft:oak_slab":240,"minecraft:cooked_porkchop":43,"minecraft:crafting_table":5,"minecraft:wooden_pickaxe":1,"minecraft:baked_potato":9,"minecraft:leather_helmet":1,"minecraft:birch_planks":356,"minecraft:stone_axe":4,"minecraft:air":0,"minecraft:stick":96,"minecraft:leather_chestplate":2,"minecraft:stone_sword":4,"minecraft:white_bed":2,"minecraft:torch":124,"minecraft:birch_stairs":20},"minecraft:broken":{"minecraft:leather_helmet":1,"minecraft:stone_sword":1,"minecraft:stone_hoe":1,"minecraft:stone_pickaxe":2,"minecraft:stone_axe":1,"minecraft:stone_shovel":2},"minecraft:custom":{"minecraft:mob_kills":79,"minecraft:interact_with_crafting_table":49,"minecraft:leave_game":8,"minecraft:time_since_death":44053,"minecraft:climb_one_cm":10609,"minecraft:sprint_one_cm":410467,"minecraft:walk_one_cm":896075,"minecraft:drop":186,"minecraft:talked_to_villager":3,"minecraft:deaths":10,"minecraft:sneak_time":4,"minecraft:walk_under_water_one_cm":1872,"minecraft:jump":1761,"minecraft:walk_on_water_one_cm":12444,"minecraft:interact_with_furnace":15,"minecraft:play_one_minute":285695,"minecraft:interact_with_stonecutter":4,"minecraft:sleep_in_bed":14,"minecraft:time_since_rest":13925,"minecraft:damage_taken":3617,"minecraft:damage_dealt":9993,"minecraft:fly_one_cm":50623,"minecraft:player_kills":4,"minecraft:open_chest":7,"minecraft:interact_with_smoker":24,"minecraft:fall_one_cm":26216}},"DataVersion":2584}