{"stats":{"minecraft:used":{"minecraft:stone_sword":134,"minecraft:stone_shovel":2303,"minecraft:chest":6,"minecraft:cooked_chicken":1,"minecraft:torch":77,"minecraft:dirt":1952,"minecraft:granite":40,"minecraft:lava_bucket":3,"minecraft:oak_sapling":1,"minecraft:furnace":1,"minecraft:cooked_beef":1,"minecraft:cooked_mutton":21,"minecraft:wheat_seeds":43,"minecraft:water_bucket":2,"minecraft:iron_ore":1,"minecraft:cobblestone_stairs":133,"minecraft:birch_planks":5,"minecraft:stone_pickaxe":815,"minecraft:blue_bed":3,"minecraft:white_wool":1,"minecraft:crafting_table":10,"minecraft:white_bed":1,"minecraft:apple":14,"minecraft:iron_pickaxe":91,"minecraft:stone_axe":336,"minecraft:cobblestone":163,"minecraft:purple_bed":2,"minecraft:andesite":2,"minecraft:bucket":6,"minecraft:oak_boat":1,"minecraft:birch_stairs":5},"minecraft:broken":{"minecraft:stone_sword":1,"minecraft:stone_pickaxe":6,"minecraft:leather_boots":1,"minecraft:stone_axe":4,"minecraft:stone_shovel":16},"minecraft:picked_up":{"minecraft:crafting_table":7,"minecraft:wheat":12,"minecraft:chicken":4,"minecraft:clay_ball":216,"minecraft:flower_pot":1,"minecraft:string":4,"minecraft:iron_leggings":1,"minecraft:bucket":2,"minecraft:spruce_planks":3,"minecraft:beef":8,"minecraft:oak_boat":1,"minecraft:sugar_cane":15,"minecraft:birch_sapling":1,"minecraft:egg":1,"minecraft:stick":44,"minecraft:torch":106,"minecraft:porkchop":12,"minecraft:diorite":6,"minecraft:redstone":41,"minecraft:cauldron":1,"minecraft:arrow":7,"minecraft:rotten_flesh":12,"minecraft:mutton":8,"minecraft:white_wool":4,"minecraft:cobblestone":832,"minecraft:stripped_oak_log":1,"minecraft:birch_log":7,"minecraft:leather_chestplate":1,"minecraft:feather":6,"minecraft:cooked_beef":3,"minecraft:andesite":62,"minecraft:leather":1,"minecraft:red_mushroom":1,"minecraft:birch_planks":1,"minecraft:flint":1,"minecraft:oak_log":74,"minecraft:lily_pad":89,"minecraft:cobblestone_wall":2,"minecraft:cobblestone_stairs":8,"minecraft:blue_bed":3,"minecraft:dirt":2639,"minecraft:leather_boots":1,"minecraft:cooked_mutton":24,"minecraft:bone":7,"minecraft:apple":21,"minecraft:bow":1,"minecraft:wheat_seeds":58,"minecraft:cooked_chicken":1,"minecraft:stone_pickaxe":6,"minecraft:iron_ore":43,"minecraft:oak_planks":1,"minecraft:oak_slab":1,"minecraft:birch_boat":1,"minecraft:dandelion":1,"minecraft:lava_bucket":1,"minecraft:gravel":5,"minecraft:birch_stairs":4,"minecraft:spruce_sapling":2,"minecraft:white_bed":2,"minecraft:spruce_log":3,"minecraft:gold_ore":14,"minecraft:spider_eye":1,"minecraft:purple_bed":2,"minecraft:slime_ball":2,"minecraft:diamond":3,"minecraft:granite":69,"minecraft:oak_sapling":45,"minecraft:coal":104},"minecraft:killed":{"minecraft:witch":1,"minecraft:spider":2,"minecraft:slime":2,"minecraft:skeleton":4,"minecraft:chicken":4,"minecraft:pig":7,"minecraft:sheep":3,"minecraft:zombie":10,"minecraft:cow":1,"minecraft:enderman":1},"minecraft:custom":{"minecraft:mob_kills":36,"minecraft:interact_with_crafting_table":38,"minecraft:bell_ring":31,"minecraft:leave_game":18,"minecraft:time_since_death":6479,"minecraft:climb_one_cm":31176,"minecraft:sprint_one_cm":672853,"minecraft:walk_one_cm":873773,"minecraft:drop":82,"minecraft:deaths":23,"minecraft:sneak_time":18054,"minecraft:walk_under_water_one_cm":56817,"minecraft:boat_one_cm":30071,"minecraft:jump":3939,"minecraft:walk_on_water_one_cm":291274,"minecraft:interact_with_furnace":20,"minecraft:play_one_minute":425573,"minecraft:sleep_in_bed":24,"minecraft:time_since_rest":6503,"minecraft:damage_taken":7487,"minecraft:damage_dealt":6456,"minecraft:swim_one_cm":139408,"minecraft:fly_one_cm":538133,"minecraft:player_kills":3,"minecraft:open_chest":42,"minecraft:crouch_one_cm":40446,"minecraft:interact_with_smoker":4,"minecraft:fall_one_cm":78298},"minecraft:crafted":{"minecraft:oak_planks":84,"minecraft:stone_shovel":19,"minecraft:furnace":1,"minecraft:stone":9,"minecraft:cobblestone_stairs":148,"minecraft:stone_pickaxe":24,"minecraft:chest":6,"minecraft:cooked_beef":3,"minecraft:crafting_table":3,"minecraft:spruce_planks":12,"minecraft:oak_wood":3,"minecraft:birch_planks":28,"minecraft:stone_axe":4,"minecraft:bread":36,"minecraft:air":0,"minecraft:oak_boat":2,"minecraft:stick":120,"minecraft:iron_pickaxe":1,"minecraft:iron_ingot":23,"minecraft:stone_sword":1,"minecraft:torch":40},"minecraft:mined":{"minecraft:diamond_ore":2,"minecraft:white_bed":5,"minecraft:farmland":6,"minecraft:cobblestone_stairs":8,"minecraft:granite":69,"minecraft:grass_block":1370,"minecraft:spruce_leaves":37,"minecraft:large_fern":3,"minecraft:tall_seagrass":1,"minecraft:redstone_ore":10,"minecraft:iron_ore":40,"minecraft:andesite":40,"minecraft:potted_red_mushroom":1,"minecraft:vine":26,"minecraft:stripped_oak_log":1,"minecraft:stone":574,"minecraft:white_wool":1,"minecraft:oak_slab":4,"minecraft:birch_stairs":4,"minecraft:clay":32,"minecraft:crafting_table":7,"minecraft:torch":24,"minecraft:cobblestone":13,"minecraft:lapis_ore":2,"minecraft:lily_pad":73,"minecraft:sugar_cane":6,"minecraft:oak_planks":1,"minecraft:diorite":3,"minecraft:wall_torch":9,"minecraft:blue_bed":1,"minecraft:cauldron":1,"minecraft:seagrass":34,"minecraft:birch_planks":1,"minecraft:purple_bed":1,"minecraft:cobblestone_wall":2,"minecraft:birch_log":7,"minecraft:wheat":16,"minecraft:spruce_log":4,"minecraft:birch_leaves":1,"minecraft:grass_path":5,"minecraft:grass":85,"minecraft:oak_log":77,"minecraft:coal_ore":94,"minecraft:gravel":7,"minecraft:dirt":892,"minecraft:gold_ore":14,"minecraft:oak_leaves":25,"minecraft:infested_stone":2,"minecraft:fern":1},"minecraft:dropped":{"minecraft:iron_ingot":9,"minecraft:apple":7,"minecraft:stick":4,"minecraft:cobblestone_stairs":1,"minecraft:dirt":158,"minecraft:torch":40,"minecraft:string":1,"minecraft:bucket":2,"minecraft:bone":1,"minecraft:sugar_cane":2,"minecraft:cooked_mutton":3,"minecraft:oak_boat":1,"minecraft:iron_ore":28,"minecraft:stone_pickaxe":20},"minecraft:killed_by":{"minecraft:player":6,"minecraft:creeper":1,"minecraft:spider":2,"minecraft:enderman":1,"minecraft:skeleton":5,"minecraft:zombie":4}},"DataVersion":2584}