{"stats":{"minecraft:used":{"minecraft:iron_shovel":259,"minecraft:ladder":11,"minecraft:oak_sign":3,"minecraft:chest":11,"minecraft:shield":118,"minecraft:bow":8,"minecraft:hay_block":31,"minecraft:furnace":10,"minecraft:gold_block":3,"minecraft:stripped_birch_log":1,"minecraft:stone_pickaxe":1182,"minecraft:oak_planks":563,"minecraft:redstone_block":26,"minecraft:blue_bed":2,"minecraft:pumpkin_seeds":4,"minecraft:string":2,"minecraft:gravel":3,"minecraft:coal_block":17,"minecraft:andesite":8,"minecraft:bone_meal":90,"minecraft:stone_sword":219,"minecraft:stone_shovel":931,"minecraft:wooden_shovel":100,"minecraft:stone_hoe":132,"minecraft:cooked_chicken":18,"minecraft:oak_door":3,"minecraft:torch":715,"minecraft:dirt":1062,"minecraft:granite":5,"minecraft:oak_fence_gate":1,"minecraft:wooden_axe":55,"minecraft:iron_block":24,"minecraft:iron_axe":619,"minecraft:oak_stairs":8,"minecraft:cooked_beef":8,"minecraft:pumpkin":6,"minecraft:wheat_seeds":560,"minecraft:cooked_mutton":9,"minecraft:water_bucket":291,"minecraft:cobblestone_stairs":4,"minecraft:birch_planks":19,"minecraft:glass_bottle":6,"minecraft:birch_boat":3,"minecraft:oak_slab":445,"minecraft:crafting_table":8,"minecraft:white_bed":16,"minecraft:oak_log":2,"minecraft:wooden_hoe":86,"minecraft:flower_pot":2,"minecraft:apple":8,"minecraft:iron_pickaxe":341,"minecraft:stone_axe":664,"minecraft:cobblestone":210,"minecraft:potion":6,"minecraft:purple_bed":2,"minecraft:cooked_porkchop":39,"minecraft:bucket":290,"minecraft:lapis_block":10},"minecraft:broken":{"minecraft:iron_shovel":1,"minecraft:wooden_shovel":1,"minecraft:iron_boots":1,"minecraft:iron_chestplate":1,"minecraft:iron_leggings":1,"minecraft:stone_pickaxe":9,"minecraft:stone_axe":7,"minecraft:wooden_axe":1,"minecraft:bow":1,"minecraft:stone_shovel":7,"minecraft:stone_sword":1,"minecraft:iron_axe":3,"minecraft:leather_boots":1,"minecraft:iron_pickaxe":1,"minecraft:iron_helmet":1,"minecraft:wooden_hoe":1},"minecraft:picked_up":{"minecraft:wooden_axe":1,"minecraft:wheat":333,"minecraft:redstone_block":1,"minecraft:flower_pot":1,"minecraft:oak_stairs":8,"minecraft:lapis_block":1,"minecraft:string":11,"minecraft:iron_leggings":1,"minecraft:bucket":1,"minecraft:spruce_planks":1,"minecraft:white_tulip":26,"minecraft:iron_pickaxe":1,"minecraft:furnace":3,"minecraft:stick":115,"minecraft:torch":158,"minecraft:porkchop":31,"minecraft:diorite":5,"minecraft:stone_sword":1,"minecraft:rotten_flesh":35,"minecraft:cobblestone":669,"minecraft:birch_log":64,"minecraft:leather_chestplate":2,"minecraft:feather":14,"minecraft:cooked_beef":9,"minecraft:water_bucket":2,"minecraft:andesite":51,"minecraft:flint":1,"minecraft:stripped_birch_log":1,"minecraft:lapis_lazuli":83,"minecraft:dirt":1286,"minecraft:leather_boots":1,"minecraft:bone":24,"minecraft:bow":1,"minecraft:wheat_seeds":1062,"minecraft:oak_planks":20,"minecraft:cooked_porkchop":11,"minecraft:birch_fence_gate":1,"minecraft:grass_block":1,"minecraft:lily_of_the_valley":37,"minecraft:diamond":5,"minecraft:granite":43,"minecraft:spruce_sign":1,"minecraft:emerald":5,"minecraft:oak_sapling":83,"minecraft:crafting_table":6,"minecraft:allium":3,"minecraft:chicken":13,"minecraft:ladder":2,"minecraft:clay_ball":596,"minecraft:iron_axe":1,"minecraft:iron_shovel":1,"minecraft:blue_orchid":1,"minecraft:beef":13,"minecraft:poppy":4,"minecraft:chest":9,"minecraft:birch_sapling":14,"minecraft:egg":4,"minecraft:redstone":255,"minecraft:arrow":25,"minecraft:stone_shovel":2,"minecraft:peony":6,"minecraft:hay_block":8,"minecraft:pink_tulip":20,"minecraft:gold_ingot":22,"minecraft:mutton":41,"minecraft:white_wool":25,"minecraft:leather":8,"minecraft:birch_planks":2,"minecraft:oak_log":456,"minecraft:lily_pad":21,"minecraft:gunpowder":3,"minecraft:cobblestone_stairs":5,"minecraft:wooden_hoe":1,"minecraft:blue_bed":2,"minecraft:cooked_mutton":7,"minecraft:apple":18,"minecraft:iron_ingot":20,"minecraft:stone_pickaxe":17,"minecraft:cooked_chicken":6,"minecraft:iron_ore":247,"minecraft:glass_bottle":2,"minecraft:oak_slab":151,"minecraft:pumpkin":6,"minecraft:birch_boat":3,"minecraft:sweet_berries":3,"minecraft:dandelion":4,"minecraft:gravel":16,"minecraft:birch_stairs":1,"minecraft:spruce_sapling":4,"minecraft:white_bed":16,"minecraft:spruce_log":12,"minecraft:gold_ore":12,"minecraft:pumpkin_seeds":4,"minecraft:purple_bed":2,"minecraft:slime_ball":2,"minecraft:stone_axe":2,"minecraft:gray_wool":1,"minecraft:black_wool":2,"minecraft:coal":361,"minecraft:ender_pearl":2},"minecraft:custom":{"minecraft:interact_with_crafting_table":77,"minecraft:leave_game":16,"minecraft:time_since_death":77674,"minecraft:sprint_one_cm":1512433,"minecraft:damage_blocked_by_shield":5015,"minecraft:drop":756,"minecraft:deaths":45,"minecraft:jump":7920,"minecraft:walk_on_water_one_cm":272650,"minecraft:interact_with_furnace":157,"minecraft:play_one_minute":792601,"minecraft:sleep_in_bed":43,"minecraft:damage_dealt":17093,"minecraft:player_kills":3,"minecraft:crouch_one_cm":110457,"minecraft:interact_with_smoker":37,"minecraft:mob_kills":125,"minecraft:climb_one_cm":51035,"minecraft:walk_one_cm":2007179,"minecraft:sneak_time":38547,"minecraft:walk_under_water_one_cm":44029,"minecraft:boat_one_cm":35795,"minecraft:pot_flower":2,"minecraft:interact_with_stonecutter":3,"minecraft:time_since_rest":13642,"minecraft:damage_taken":16597,"minecraft:swim_one_cm":77511,"minecraft:fly_one_cm":686900,"minecraft:open_chest":157,"minecraft:fall_one_cm":177190},"minecraft:killed":{"minecraft:witch":1,"minecraft:spider":6,"minecraft:skeleton":15,"minecraft:chicken":15,"minecraft:silverfish":1,"minecraft:cat":1,"minecraft:pig":16,"minecraft:sheep":27,"minecraft:zombie":22,"minecraft:cow":7,"minecraft:slime":5,"minecraft:horse":2,"minecraft:drowned":1,"minecraft:bat":1,"minecraft:enderman":2},"minecraft:mined":{"minecraft:white_bed":13,"minecraft:farmland":1,"minecraft:cobblestone_stairs":5,"minecraft:granite":43,"minecraft:grass_block":657,"minecraft:tall_seagrass":85,"minecraft:iron_ore":223,"minecraft:fire":1,"minecraft:pumpkin":6,"minecraft:oak_stairs":5,"minecraft:pink_tulip":20,"minecraft:blue_orchid":1,"minecraft:tripwire":2,"minecraft:clay":175,"minecraft:torch":82,"minecraft:poppy":4,"minecraft:chest":9,"minecraft:cobblestone":23,"minecraft:oak_planks":23,"minecraft:wall_torch":18,"minecraft:seagrass":46,"minecraft:lapis_block":1,"minecraft:birch_log":63,"minecraft:wheat":402,"minecraft:pumpkin_stem":1,"minecraft:grass":372,"minecraft:oak_log":439,"minecraft:dirt":623,"minecraft:red_mushroom_block":1,"minecraft:oak_leaves":198,"minecraft:diamond_ore":6,"minecraft:allium":2,"minecraft:birch_slab":2,"minecraft:spruce_leaves":20,"minecraft:large_fern":5,"minecraft:hay_block":6,"minecraft:redstone_ore":55,"minecraft:furnace":3,"minecraft:andesite":67,"minecraft:peony":6,"minecraft:vine":17,"minecraft:stone":672,"minecraft:white_tulip":26,"minecraft:potted_allium":1,"minecraft:oak_slab":59,"minecraft:birch_stairs":1,"minecraft:redstone_block":1,"minecraft:lily_of_the_valley":37,"minecraft:dandelion":8,"minecraft:crafting_table":6,"minecraft:emerald_ore":6,"minecraft:tall_grass":52,"minecraft:lapis_ore":12,"minecraft:lily_pad":22,"minecraft:diorite":6,"minecraft:blue_bed":3,"minecraft:birch_planks":3,"minecraft:purple_bed":3,"minecraft:spruce_log":4,"minecraft:birch_leaves":15,"minecraft:grass_path":1,"minecraft:coal_ore":344,"minecraft:gravel":4,"minecraft:gold_ore":12,"minecraft:infested_stone":9,"minecraft:fern":3},"minecraft:dropped":{"minecraft:spruce_sign":1,"minecraft:cooked_beef":3,"minecraft:oak_log":2,"minecraft:crafting_table":1,"minecraft:dirt":224,"minecraft:mutton":4,"minecraft:gravel":1,"minecraft:stone_axe":1,"minecraft:cooked_chicken":1,"minecraft:rotten_flesh":26,"minecraft:cooked_mutton":24,"minecraft:white_bed":1,"minecraft:birch_fence_gate":1,"minecraft:poppy":4,"minecraft:leather_chestplate":2,"minecraft:arrow":2,"minecraft:beef":4,"minecraft:egg":4,"minecraft:stone_hoe":1,"minecraft:wheat_seeds":32,"minecraft:feather":14,"minecraft:cobblestone":190,"minecraft:apple":10,"minecraft:granite":3,"minecraft:coal":74,"minecraft:lava_bucket":1,"minecraft:diorite":3,"minecraft:torch":66,"minecraft:wooden_axe":1,"minecraft:iron_leggings":1,"minecraft:string":4,"minecraft:lily_pad":8,"minecraft:bucket":2,"minecraft:spruce_sapling":4,"minecraft:dandelion":4,"minecraft:pink_tulip":20,"minecraft:sweet_berries":3,"minecraft:stone_sword":1,"minecraft:shield":1,"minecraft:spruce_planks":4,"minecraft:andesite":15,"minecraft:oak_sapling":25,"minecraft:wooden_shovel":1,"minecraft:birch_boat":1,"minecraft:stone_pickaxe":2},"minecraft:crafted":{"minecraft:brick":526,"minecraft:oak_planks":988,"minecraft:oak_sign":3,"minecraft:birch_boat":1,"minecraft:cooked_chicken":17,"minecraft:birch_slab":438,"minecraft:cooked_mutton":44,"minecraft:iron_boots":1,"minecraft:chest":2,"minecraft:bricks":130,"minecraft:stone_hoe":1,"minecraft:flower_pot":1,"minecraft:oak_slab":468,"minecraft:wooden_shovel":2,"minecraft:cooked_porkchop":43,"minecraft:crafting_table":4,"minecraft:spruce_planks":48,"minecraft:iron_helmet":1,"minecraft:gold_block":3,"minecraft:hay_block":25,"minecraft:birch_planks":256,"minecraft:wooden_hoe":2,"minecraft:iron_chestplate":1,"minecraft:shield":2,"minecraft:stick":120,"minecraft:iron_ingot":238,"minecraft:iron_pickaxe":1,"minecraft:iron_block":24,"minecraft:stone_sword":1,"minecraft:gold_ingot":22,"minecraft:shears":2,"minecraft:oak_door":3,"minecraft:stone_shovel":5,"minecraft:furnace":7,"minecraft:bone_meal":90,"minecraft:iron_axe":5,"minecraft:ladder":9,"minecraft:spruce_slab":90,"minecraft:stone_pickaxe":1,"minecraft:redstone_block":25,"minecraft:cooked_beef":14,"minecraft:coal_block":17,"minecraft:stone_axe":6,"minecraft:bread":2,"minecraft:air":0,"minecraft:oak_fence_gate":1,"minecraft:oak_stairs":4,"minecraft:wooden_axe":1,"minecraft:iron_leggings":1,"minecraft:white_bed":1,"minecraft:torch":624,"minecraft:lapis_block":9},"minecraft:killed_by":{"minecraft:creeper":6,"minecraft:silverfish":1,"minecraft:zombie":16,"minecraft:player":1,"minecraft:spider":4,"minecraft:enderman":1,"minecraft:skeleton":11}},"DataVersion":2584}