{"stats":{"minecraft:broken":{"minecraft:iron_helmet":1},"minecraft:picked_up":{"minecraft:crafting_table":1,"minecraft:wheat":147,"minecraft:splash_potion":2,"minecraft:ladder":3,"minecraft:leather_leggings":1,"minecraft:nether_brick":24,"minecraft:iron_leggings":1,"minecraft:gold_nugget":189,"minecraft:birch_sapling":7,"minecraft:iron_boots":2,"minecraft:stick":13,"minecraft:oak_door":11,"minecraft:torch":28,"minecraft:fire_charge":1,"minecraft:diorite":9,"minecraft:iron_horse_armor":1,"minecraft:rotten_flesh":7,"minecraft:stone_shovel":1,"minecraft:hay_block":7,"minecraft:iron_block":2,"minecraft:gold_ingot":4,"minecraft:bookshelf":21,"minecraft:blaze_rod":3,"minecraft:obsidian":4,"minecraft:cobblestone":304,"minecraft:birch_log":2,"minecraft:birch_slab":1,"minecraft:andesite":8,"minecraft:oak_log":42,"minecraft:cobblestone_stairs":1,"minecraft:lapis_lazuli":92,"minecraft:wooden_hoe":1,"minecraft:dirt":33,"minecraft:leather_boots":1,"minecraft:bone":1,"minecraft:apple":6,"minecraft:wheat_seeds":225,"minecraft:warped_stem":5,"minecraft:iron_ingot":24,"minecraft:iron_ore":8,"minecraft:oak_planks":293,"minecraft:soul_sand":4,"minecraft:book":9,"minecraft:oak_slab":33,"minecraft:warped_fungus":1,"minecraft:warped_wart_block":3,"minecraft:quartz":38,"minecraft:gravel":24,"minecraft:mossy_cobblestone":34,"minecraft:crying_obsidian":5,"minecraft:spectral_arrow":22,"minecraft:leather_helmet":3,"minecraft:lever":2,"minecraft:granite":21,"minecraft:oak_button":3,"minecraft:oak_sapling":18,"minecraft:netherrack":154,"minecraft:coal":4,"minecraft:oak_leaves":51},"minecraft:dropped":{"minecraft:iron_ingot":11,"minecraft:oak_slab":20,"minecraft:wheat_seeds":160,"minecraft:lapis_lazuli":6,"minecraft:warped_fungus":1,"minecraft:mossy_cobblestone":32,"minecraft:glass_bottle":12,"minecraft:smithing_table":1,"minecraft:cobblestone":99,"minecraft:spectral_arrow":22,"minecraft:granite":18,"minecraft:iron_horse_armor":1,"minecraft:leather_helmet":4,"minecraft:stick":4,"minecraft:cobblestone_stairs":1,"minecraft:diorite":9,"minecraft:wooden_hoe":1,"minecraft:iron_leggings":2,"minecraft:gold_nugget":120,"minecraft:smooth_stone":2,"minecraft:birch_log":2,"minecraft:gold_ingot":2,"minecraft:stone_axe":1,"minecraft:lever":4,"minecraft:blaze_rod":1,"minecraft:nether_brick":24,"minecraft:birch_sapling":3,"minecraft:wheat":12,"minecraft:obsidian":2,"minecraft:stone_shovel":3,"minecraft:rotten_flesh":4,"minecraft:iron_boots":2,"minecraft:leather_chestplate":1,"minecraft:stone":2,"minecraft:oak_button":2,"minecraft:andesite":8,"minecraft:ladder":2,"minecraft:leather_leggings":1,"minecraft:stone_pickaxe":1,"minecraft:crying_obsidian":5,"minecraft:quartz":37,"minecraft:oak_leaves":51,"minecraft:netherrack":91},"minecraft:killed_by":{"minecraft:enderman":1,"minecraft:zombie":1},"minecraft:mined":{"minecraft:nether_gold_ore":32,"minecraft:mossy_cobblestone":22,"minecraft:oak_door":12,"minecraft:cobblestone_stairs":1,"minecraft:obsidian":1,"minecraft:granite":25,"minecraft:grass_block":11,"minecraft:hay_block":7,"minecraft:tall_seagrass":2,"minecraft:iron_ore":8,"minecraft:nether_sprouts":1,"minecraft:fire":23,"minecraft:andesite":9,"minecraft:bookshelf":2,"minecraft:warped_stem":5,"minecraft:iron_block":2,"minecraft:stone":173,"minecraft:oak_slab":29,"minecraft:crafting_table":1,"minecraft:torch":14,"minecraft:chest":2,"minecraft:cobblestone":44,"minecraft:nether_quartz_ore":56,"minecraft:oak_planks":29,"minecraft:diorite":11,"minecraft:blue_bed":1,"minecraft:wall_torch":17,"minecraft:warped_wart_block":5,"minecraft:wheat":135,"minecraft:warped_fungus":1,"minecraft:oak_log":43,"minecraft:coal_ore":4,"minecraft:gravel":13,"minecraft:dirt":39,"minecraft:netherrack":172,"minecraft:oak_leaves":74},"minecraft:killed":{"minecraft:zombified_piglin":1,"minecraft:piglin":1,"minecraft:squid":1,"minecraft:zombie":14,"minecraft:blaze":2},"minecraft:used":{"minecraft:stone_sword":10,"minecraft:ladder":1,"minecraft:chest":4,"minecraft:shield":4,"minecraft:iron_sword":43,"minecraft:stone_hoe":3,"minecraft:cooked_chicken":7,"minecraft:netherrack":63,"minecraft:oak_door":9,"minecraft:torch":20,"minecraft:brewing_stand":1,"minecraft:dirt":19,"minecraft:warped_wart_block":3,"minecraft:wooden_axe":5,"minecraft:lava_bucket":9,"minecraft:bookshelf":18,"minecraft:iron_axe":139,"minecraft:hay_block":7,"minecraft:cooked_beef":40,"minecraft:cooked_mutton":1,"minecraft:water_bucket":12,"minecraft:stone_pickaxe":188,"minecraft:oak_planks":168,"minecraft:mossy_cobblestone":2,"minecraft:oak_slab":292,"minecraft:blast_furnace":1,"minecraft:white_bed":2,"minecraft:shears":70,"minecraft:oak_log":1,"minecraft:lever":1,"minecraft:diamond_pickaxe":343,"minecraft:birch_slab":1,"minecraft:iron_pickaxe":136,"minecraft:iron_door":3,"minecraft:gravel":12,"minecraft:stone_axe":4,"minecraft:cobblestone":19,"minecraft:smithing_table":1,"minecraft:bucket":21,"minecraft:splash_potion":2},"minecraft:crafted":{"minecraft:oak_door":3,"minecraft:smooth_stone":5,"minecraft:oak_planks":256,"minecraft:furnace":1,"minecraft:blast_furnace":1,"minecraft:stone":7,"minecraft:bone_meal":3,"minecraft:lever":3,"minecraft:cooked_mutton":3,"minecraft:warped_planks":20,"minecraft:glass":16,"minecraft:iron_boots":3,"minecraft:iron_axe":1,"minecraft:ladder":3,"minecraft:chest":4,"minecraft:iron_door":3,"minecraft:glass_bottle":15,"minecraft:oak_slab":282,"minecraft:crafting_table":9,"minecraft:iron_helmet":2,"minecraft:iron_sword":1,"minecraft:smithing_table":2,"minecraft:brewing_stand":1,"minecraft:air":0,"minecraft:warped_door":3,"minecraft:bread":45,"minecraft:iron_chestplate":2,"minecraft:diamond_pickaxe":1,"minecraft:shield":1,"minecraft:stick":24,"minecraft:iron_ingot":104,"minecraft:iron_pickaxe":1,"minecraft:wooden_axe":1,"minecraft:iron_leggings":4,"minecraft:shears":1},"minecraft:custom":{"minecraft:interact_with_smithing_table":8,"minecraft:mob_kills":21,"minecraft:interact_with_anvil":18,"minecraft:interact_with_crafting_table":46,"minecraft:leave_game":42,"minecraft:time_since_death":25403,"minecraft:climb_one_cm":20169,"minecraft:sprint_one_cm":271112,"minecraft:walk_one_cm":901701,"minecraft:damage_blocked_by_shield":90,"minecraft:drop":189,"minecraft:talked_to_villager":2,"minecraft:deaths":14,"minecraft:sneak_time":60,"minecraft:walk_under_water_one_cm":7903,"minecraft:jump":1909,"minecraft:interact_with_brewingstand":5,"minecraft:interact_with_blast_furnace":15,"minecraft:walk_on_water_one_cm":29891,"minecraft:enchant_item":17,"minecraft:interact_with_furnace":21,"minecraft:play_one_minute":344051,"minecraft:interact_with_stonecutter":3,"minecraft:sleep_in_bed":7,"minecraft:time_since_rest":23055,"minecraft:damage_taken":7338,"minecraft:damage_dealt":3680,"minecraft:fly_one_cm":113141,"minecraft:open_chest":71,"minecraft:interact_with_smoker":6,"minecraft:fall_one_cm":39812}},"DataVersion":2584}