{"stats":{"minecraft:broken":{"minecraft:stone_sword":1,"minecraft:stone_pickaxe":7,"minecraft:leather_boots":1,"minecraft:stone_axe":4,"minecraft:stone_shovel":16},"minecraft:picked_up":{"minecraft:crafting_table":7,"minecraft:wheat":12,"minecraft:nether_brick_fence":1,"minecraft:chicken":7,"minecraft:flower_pot":1,"minecraft:clay_ball":216,"minecraft:string":4,"minecraft:iron_axe":1,"minecraft:iron_leggings":1,"minecraft:shroomlight":1,"minecraft:bucket":2,"minecraft:spruce_planks":3,"minecraft:beef":8,"minecraft:oak_boat":1,"minecraft:sugar_cane":15,"minecraft:chest":2,"minecraft:birch_sapling":1,"minecraft:egg":26,"minecraft:stick":44,"minecraft:torch":120,"minecraft:porkchop":12,"minecraft:diorite":38,"minecraft:warped_planks":1,"minecraft:redstone":41,"minecraft:cauldron":1,"minecraft:arrow":7,"minecraft:rotten_flesh":19,"minecraft:nether_bricks":6,"minecraft:hay_block":3,"minecraft:iron_block":4,"minecraft:mutton":8,"minecraft:cobblestone":1074,"minecraft:white_wool":4,"minecraft:stripped_oak_log":1,"minecraft:birch_log":7,"minecraft:enchanting_table":1,"minecraft:leather_chestplate":1,"minecraft:feather":8,"minecraft:cooked_beef":3,"minecraft:magma_cream":1,"minecraft:andesite":68,"minecraft:leather":1,"minecraft:red_mushroom":1,"minecraft:birch_planks":1,"minecraft:flint":3,"minecraft:oak_log":74,"minecraft:lily_pad":89,"minecraft:cobblestone_wall":2,"minecraft:cobblestone_stairs":8,"minecraft:dirt":2671,"minecraft:blue_bed":3,"minecraft:leather_boots":1,"minecraft:cooked_mutton":24,"minecraft:bone":7,"minecraft:apple":21,"minecraft:bow":1,"minecraft:wheat_seeds":59,"minecraft:warped_stem":13,"minecraft:stone_pickaxe":6,"minecraft:cooked_chicken":1,"minecraft:iron_ore":50,"minecraft:oak_planks":10,"minecraft:oak_slab":1,"minecraft:birch_boat":1,"minecraft:warped_wart_block":2,"minecraft:dandelion":1,"minecraft:lava_bucket":1,"minecraft:gravel":44,"minecraft:birch_stairs":4,"minecraft:spruce_sapling":2,"minecraft:white_bed":2,"minecraft:spruce_log":3,"minecraft:gold_ore":14,"minecraft:spider_eye":1,"minecraft:mossy_cobblestone":33,"minecraft:purple_bed":2,"minecraft:slime_ball":2,"minecraft:diamond":3,"minecraft:granite":97,"minecraft:warped_nylium":1,"minecraft:oak_sapling":45,"minecraft:netherrack":61,"minecraft:coal":105,"minecraft:ender_pearl":3},"minecraft:dropped":{"minecraft:iron_ingot":9,"minecraft:apple":7,"minecraft:stick":4,"minecraft:cobblestone_stairs":1,"minecraft:dirt":158,"minecraft:torch":40,"minecraft:iron_axe":1,"minecraft:string":1,"minecraft:bucket":2,"minecraft:bone":1,"minecraft:sugar_cane":2,"minecraft:cooked_mutton":3,"minecraft:oak_boat":1,"minecraft:iron_ore":28,"minecraft:stone_pickaxe":20},"minecraft:killed_by":{"minecraft:player":6,"minecraft:wither_skeleton":2,"minecraft:creeper":1,"minecraft:spider":2,"minecraft:enderman":2,"minecraft:skeleton":5,"minecraft:blaze":1,"minecraft:zombie":4},"minecraft:mined":{"minecraft:diamond_ore":2,"minecraft:white_bed":5,"minecraft:farmland":6,"minecraft:mossy_cobblestone":17,"minecraft:cobblestone_stairs":8,"minecraft:nether_bricks":6,"minecraft:granite":75,"minecraft:grass_block":1370,"minecraft:spruce_leaves":37,"minecraft:large_fern":3,"minecraft:hay_block":3,"minecraft:tall_seagrass":1,"minecraft:redstone_ore":10,"minecraft:iron_ore":47,"minecraft:fire":36,"minecraft:andesite":45,"minecraft:potted_red_mushroom":1,"minecraft:enchanting_table":1,"minecraft:nether_brick_fence":1,"minecraft:shroomlight":1,"minecraft:vine":26,"minecraft:warped_stem":13,"minecraft:stripped_oak_log":1,"minecraft:stone":780,"minecraft:iron_block":4,"minecraft:white_wool":1,"minecraft:birch_stairs":4,"minecraft:oak_slab":4,"minecraft:clay":32,"minecraft:crafting_table":7,"minecraft:torch":30,"minecraft:chest":2,"minecraft:cobblestone":39,"minecraft:lapis_ore":2,"minecraft:lily_pad":73,"minecraft:sugar_cane":6,"minecraft:oak_planks":6,"minecraft:diorite":26,"minecraft:wall_torch":14,"minecraft:blue_bed":1,"minecraft:warped_wart_block":2,"minecraft:cauldron":1,"minecraft:seagrass":34,"minecraft:birch_planks":1,"minecraft:purple_bed":1,"minecraft:cobblestone_wall":2,"minecraft:warped_planks":1,"minecraft:birch_log":7,"minecraft:wheat":16,"minecraft:spruce_log":4,"minecraft:birch_leaves":1,"minecraft:grass_path":5,"minecraft:grass":86,"minecraft:oak_log":77,"minecraft:coal_ore":94,"minecraft:gravel":31,"minecraft:dirt":912,"minecraft:netherrack":54,"minecraft:gold_ore":14,"minecraft:oak_leaves":25,"minecraft:infested_stone":2,"minecraft:fern":1},"minecraft:killed":{"minecraft:witch":1,"minecraft:spider":2,"minecraft:slime":2,"minecraft:skeleton":4,"minecraft:chicken":7,"minecraft:magma_cube":18,"minecraft:piglin":3,"minecraft:pig":7,"minecraft:sheep":3,"minecraft:zombie":11,"minecraft:wither_skeleton":1,"minecraft:blaze":2,"minecraft:enderman":5,"minecraft:cow":1},"minecraft:crafted":{"minecraft:oak_planks":84,"minecraft:stone_shovel":19,"minecraft:furnace":1,"minecraft:cobblestone_stairs":148,"minecraft:stone":9,"minecraft:warped_planks":52,"minecraft:iron_boots":1,"minecraft:iron_axe":1,"minecraft:stone_pickaxe":24,"minecraft:chest":6,"minecraft:wheat":27,"minecraft:cooked_beef":3,"minecraft:crafting_table":3,"minecraft:spruce_planks":12,"minecraft:iron_helmet":1,"minecraft:iron_sword":1,"minecraft:oak_wood":3,"minecraft:birch_planks":28,"minecraft:stone_axe":4,"minecraft:bread":55,"minecraft:air":0,"minecraft:oak_boat":2,"minecraft:iron_chestplate":1,"minecraft:shield":1,"minecraft:stick":124,"minecraft:iron_ingot":50,"minecraft:iron_pickaxe":1,"minecraft:stone_sword":1,"minecraft:torch":40},"minecraft:used":{"minecraft:stone_sword":134,"minecraft:enchanting_table":1,"minecraft:stone_shovel":2323,"minecraft:chest":6,"minecraft:shield":41,"minecraft:iron_sword":188,"minecraft:cooked_chicken":1,"minecraft:netherrack":42,"minecraft:torch":104,"minecraft:dirt":2089,"minecraft:warped_wart_block":2,"minecraft:granite":40,"minecraft:lava_bucket":3,"minecraft:iron_axe":24,"minecraft:iron_block":1,"minecraft:warped_nylium":1,"minecraft:bow":9,"minecraft:oak_sapling":1,"minecraft:furnace":1,"minecraft:egg":20,"minecraft:cooked_beef":1,"minecraft:cooked_mutton":21,"minecraft:wheat_seeds":43,"minecraft:water_bucket":2,"minecraft:iron_ore":1,"minecraft:cobblestone_stairs":133,"minecraft:birch_planks":5,"minecraft:stone_pickaxe":1033,"minecraft:oak_planks":6,"minecraft:blue_bed":3,"minecraft:white_wool":1,"minecraft:crafting_table":10,"minecraft:white_bed":1,"minecraft:warped_planks":50,"minecraft:apple":14,"minecraft:bread":23,"minecraft:iron_pickaxe":237,"minecraft:stone_axe":336,"minecraft:cobblestone":164,"minecraft:purple_bed":2,"minecraft:andesite":2,"minecraft:bucket":6,"minecraft:oak_boat":1,"minecraft:birch_stairs":5},"minecraft:custom":{"minecraft:interact_with_anvil":1,"minecraft:mob_kills":69,"minecraft:interact_with_crafting_table":44,"minecraft:bell_ring":31,"minecraft:leave_game":20,"minecraft:time_since_death":26795,"minecraft:climb_one_cm":34145,"minecraft:sprint_one_cm":832074,"minecraft:walk_one_cm":1139218,"minecraft:damage_blocked_by_shield":1730,"minecraft:drop":83,"minecraft:sneak_time":26761,"minecraft:deaths":27,"minecraft:walk_under_water_one_cm":56817,"minecraft:boat_one_cm":30071,"minecraft:jump":4618,"minecraft:enchant_item":4,"minecraft:walk_on_water_one_cm":292410,"minecraft:interact_with_furnace":20,"minecraft:play_one_minute":520344,"minecraft:sleep_in_bed":26,"minecraft:time_since_rest":22699,"minecraft:damage_taken":9645,"minecraft:damage_dealt":9446,"minecraft:player_kills":3,"minecraft:swim_one_cm":139408,"minecraft:fly_one_cm":595139,"minecraft:open_chest":68,"minecraft:crouch_one_cm":62102,"minecraft:interact_with_smoker":6,"minecraft:fall_one_cm":91514}},"DataVersion":2584}