{"stats":{"minecraft:broken":{"minecraft:golden_helmet":1,"minecraft:iron_shovel":2,"minecraft:wooden_shovel":1,"minecraft:iron_boots":2,"minecraft:iron_chestplate":2,"minecraft:iron_leggings":2,"minecraft:stone_pickaxe":10,"minecraft:stone_axe":7,"minecraft:wooden_axe":1,"minecraft:bow":1,"minecraft:stone_shovel":7,"minecraft:stone_sword":1,"minecraft:shield":1,"minecraft:iron_axe":4,"minecraft:leather_boots":1,"minecraft:iron_pickaxe":1,"minecraft:iron_helmet":2,"minecraft:wooden_hoe":1},"minecraft:picked_up":{"minecraft:wooden_axe":1,"minecraft:iron_chestplate":1,"minecraft:wheat":371,"minecraft:redstone_block":1,"minecraft:flower_pot":2,"minecraft:oak_stairs":8,"minecraft:potion":4,"minecraft:enchanted_book":1,"minecraft:nether_brick":17,"minecraft:golden_sword":1,"minecraft:lapis_block":10,"minecraft:string":17,"minecraft:iron_leggings":2,"minecraft:shroomlight":3,"minecraft:gold_nugget":488,"minecraft:bucket":1,"minecraft:spruce_planks":1,"minecraft:white_tulip":26,"minecraft:iron_pickaxe":3,"minecraft:coal_block":1,"minecraft:iron_boots":4,"minecraft:furnace":3,"minecraft:golden_helmet":1,"minecraft:stick":132,"minecraft:torch":557,"minecraft:porkchop":31,"minecraft:diorite":6,"minecraft:warped_planks":14,"minecraft:cauldron":1,"minecraft:stone_sword":2,"minecraft:command_block":1,"minecraft:rotten_flesh":63,"minecraft:polished_basalt":2,"minecraft:iron_block":6,"minecraft:blaze_rod":2,"minecraft:obsidian":31,"minecraft:cod":3,"minecraft:cobblestone":1064,"minecraft:birch_log":114,"minecraft:enchanting_table":5,"minecraft:leather_chestplate":3,"minecraft:cooked_beef":9,"minecraft:feather":20,"minecraft:lilac":1,"minecraft:birch_slab":1,"minecraft:water_bucket":3,"minecraft:andesite":105,"minecraft:flint":2,"minecraft:lapis_lazuli":145,"minecraft:stripped_birch_log":1,"minecraft:dirt":1515,"minecraft:twisting_vines":4,"minecraft:leather_boots":2,"minecraft:bone":29,"minecraft:bow":1,"minecraft:wheat_seeds":1275,"minecraft:glowstone_dust":74,"minecraft:oak_planks":280,"minecraft:cooked_porkchop":75,"minecraft:warped_wart_block":4,"minecraft:birch_fence_gate":1,"minecraft:sand":817,"minecraft:ink_sac":1,"minecraft:grass_block":1,"minecraft:lily_of_the_valley":37,"minecraft:spectral_arrow":57,"minecraft:diamond":5,"minecraft:lever":8,"minecraft:crossbow":1,"minecraft:granite":44,"minecraft:bone_meal":2,"minecraft:spruce_sign":1,"minecraft:emerald":5,"minecraft:oak_sapling":133,"minecraft:netherrack":308,"minecraft:diamond_pickaxe":1,"minecraft:crafting_table":15,"minecraft:allium":3,"minecraft:splash_potion":3,"minecraft:chicken":13,"minecraft:ladder":7,"minecraft:clay_ball":596,"minecraft:leather_leggings":2,"minecraft:gold_block":3,"minecraft:iron_axe":1,"minecraft:iron_shovel":1,"minecraft:blackstone":70,"minecraft:blue_orchid":1,"minecraft:beef":13,"minecraft:oak_boat":1,"minecraft:iron_nugget":129,"minecraft:poppy":4,"minecraft:sugar_cane":3,"minecraft:chest":12,"minecraft:birch_sapling":18,"minecraft:egg":23,"minecraft:fire_charge":7,"minecraft:redstone":367,"minecraft:arrow":48,"minecraft:stone_shovel":2,"minecraft:peony":6,"minecraft:nether_bricks":1,"minecraft:shears":2,"minecraft:hay_block":11,"minecraft:pink_tulip":20,"minecraft:gold_ingot":58,"minecraft:mutton":43,"minecraft:white_wool":34,"minecraft:basalt":7,"minecraft:leather":32,"minecraft:red_mushroom":3,"minecraft:birch_planks":4,"minecraft:oak_log":741,"minecraft:lily_pad":76,"minecraft:golden_boots":1,"minecraft:cobblestone_wall":2,"minecraft:gunpowder":5,"minecraft:cobblestone_stairs":10,"minecraft:wooden_hoe":1,"minecraft:blue_bed":3,"minecraft:white_banner":1,"minecraft:cooked_mutton":71,"minecraft:apple":19,"minecraft:kelp":95,"minecraft:warped_stem":15,"minecraft:iron_ingot":31,"minecraft:stone_pickaxe":21,"minecraft:cooked_chicken":63,"minecraft:iron_ore":270,"minecraft:glass_bottle":2,"minecraft:soul_sand":32,"minecraft:book":3,"minecraft:oak_slab":186,"minecraft:warped_fungus":1,"minecraft:birch_boat":3,"minecraft:pumpkin":6,"minecraft:sweet_berries":3,"minecraft:quartz":94,"minecraft:dandelion":6,"minecraft:gravel":85,"minecraft:birch_stairs":1,"minecraft:spruce_sapling":8,"minecraft:white_bed":18,"minecraft:spruce_log":12,"minecraft:gold_ore":12,"minecraft:crying_obsidian":13,"minecraft:spider_eye":1,"minecraft:leather_helmet":1,"minecraft:pumpkin_seeds":9,"minecraft:purple_bed":2,"minecraft:slime_ball":2,"minecraft:stone_axe":2,"minecraft:gray_wool":1,"minecraft:warped_roots":2,"minecraft:oak_button":6,"minecraft:black_wool":2,"minecraft:warped_nylium":1,"minecraft:coal":366,"minecraft:ender_pearl":3},"minecraft:dropped":{"minecraft:spruce_sign":1,"minecraft:lapis_lazuli":64,"minecraft:cooked_beef":3,"minecraft:oak_log":2,"minecraft:crafting_table":1,"minecraft:warped_roots":2,"minecraft:birch_slab":2,"minecraft:leather_helmet":1,"minecraft:red_mushroom":2,"minecraft:dirt":291,"minecraft:mutton":4,"minecraft:birch_log":1,"minecraft:gold_ingot":122,"minecraft:bone":5,"minecraft:gravel":1,"minecraft:stone_axe":1,"minecraft:lever":3,"minecraft:iron_nugget":5,"minecraft:cooked_chicken":1,"minecraft:nether_brick":9,"minecraft:wheat":2,"minecraft:birch_sapling":1,"minecraft:rotten_flesh":39,"minecraft:oak_planks":423,"minecraft:cooked_mutton":24,"minecraft:white_bed":1,"minecraft:birch_fence_gate":1,"minecraft:poppy":4,"minecraft:leather_chestplate":2,"minecraft:gunpowder":1,"minecraft:leather_boots":1,"minecraft:leather_leggings":2,"minecraft:arrow":2,"minecraft:beef":4,"minecraft:quartz":11,"minecraft:egg":4,"minecraft:stone_hoe":1,"minecraft:oak_slab":1,"minecraft:wheat_seeds":41,"minecraft:bookshelf":21,"minecraft:feather":14,"minecraft:cobblestone":255,"minecraft:apple":10,"minecraft:granite":3,"minecraft:coal":74,"minecraft:stick":6,"minecraft:lava_bucket":1,"minecraft:diorite":3,"minecraft:ink_sac":1,"minecraft:wooden_hoe":1,"minecraft:torch":66,"minecraft:wooden_axe":1,"minecraft:fire_charge":2,"minecraft:potion":1,"minecraft:iron_leggings":1,"minecraft:string":4,"minecraft:lily_pad":8,"minecraft:bucket":2,"minecraft:spruce_sapling":6,"minecraft:dandelion":5,"minecraft:redstone":42,"minecraft:pink_tulip":20,"minecraft:sweet_berries":3,"minecraft:stone_sword":1,"minecraft:shears":1,"minecraft:shield":1,"minecraft:oak_button":3,"minecraft:spruce_planks":4,"minecraft:diamond_pickaxe":1,"minecraft:andesite":15,"minecraft:oak_sapling":25,"minecraft:wooden_shovel":1,"minecraft:birch_boat":1,"minecraft:stone_pickaxe":3},"minecraft:killed_by":{"minecraft:zombified_piglin":5,"minecraft:creeper":6,"minecraft:pillager":2,"minecraft:drowned":1,"minecraft:piglin":2,"minecraft:silverfish":1,"minecraft:zombie":19,"minecraft:endermite":1,"minecraft:player":1,"minecraft:spider":4,"minecraft:enderman":3,"minecraft:skeleton":12},"minecraft:mined":{"minecraft:white_bed":15,"minecraft:farmland":1,"minecraft:cobblestone_stairs":9,"minecraft:obsidian":25,"minecraft:granite":44,"minecraft:grass_block":673,"minecraft:coal_block":1,"minecraft:tall_seagrass":98,"minecraft:glowstone":27,"minecraft:iron_ore":246,"minecraft:fire":75,"minecraft:pumpkin":6,"minecraft:enchanting_table":5,"minecraft:oak_stairs":5,"minecraft:pink_tulip":20,"minecraft:blue_orchid":1,"minecraft:iron_block":6,"minecraft:tripwire":2,"minecraft:blackstone":1,"minecraft:kelp_plant":22,"minecraft:twisting_vines_plant":2,"minecraft:clay":175,"minecraft:torch":383,"minecraft:poppy":4,"minecraft:chest":10,"minecraft:nether_quartz_ore":51,"minecraft:cobblestone":35,"minecraft:oak_planks":27,"minecraft:sugar_cane":1,"minecraft:wall_torch":77,"minecraft:seagrass":56,"minecraft:warped_nylium":18,"minecraft:lapis_block":10,"minecraft:birch_log":113,"minecraft:wheat":433,"minecraft:lilac":2,"minecraft:pumpkin_stem":4,"minecraft:grass":410,"minecraft:oak_log":696,"minecraft:sand":423,"minecraft:dirt":661,"minecraft:red_mushroom_block":1,"minecraft:netherrack":275,"minecraft:oak_leaves":279,"minecraft:nether_gold_ore":113,"minecraft:diamond_ore":6,"minecraft:lever":2,"minecraft:nether_bricks":2,"minecraft:allium":2,"minecraft:birch_slab":2,"minecraft:spruce_leaves":20,"minecraft:kelp":5,"minecraft:red_mushroom":2,"minecraft:large_fern":5,"minecraft:hay_block":9,"minecraft:redstone_ore":55,"minecraft:furnace":3,"minecraft:polished_basalt":2,"minecraft:andesite":79,"minecraft:peony":6,"minecraft:gold_block":3,"minecraft:bookshelf":2,"minecraft:vine":20,"minecraft:shroomlight":3,"minecraft:warped_stem":15,"minecraft:white_tulip":26,"minecraft:stone":799,"minecraft:potted_allium":1,"minecraft:birch_stairs":1,"minecraft:oak_slab":75,"minecraft:redstone_block":1,"minecraft:lily_of_the_valley":37,"minecraft:basalt":8,"minecraft:dandelion":8,"minecraft:crafting_table":10,"minecraft:emerald_ore":6,"minecraft:warped_roots":2,"minecraft:tall_grass":56,"minecraft:lapis_ore":12,"minecraft:lily_pad":24,"minecraft:diorite":7,"minecraft:blue_bed":3,"minecraft:warped_wart_block":3,"minecraft:purple_bed":3,"minecraft:birch_planks":3,"minecraft:spruce_log":4,"minecraft:birch_leaves":22,"minecraft:grass_path":1,"minecraft:coal_ore":345,"minecraft:gravel":4,"minecraft:gold_ore":12,"minecraft:infested_stone":9,"minecraft:fern":3},"minecraft:killed":{"minecraft:witch":1,"minecraft:zombified_piglin":3,"minecraft:spider":6,"minecraft:cod":3,"minecraft:skeleton":19,"minecraft:chicken":15,"minecraft:silverfish":1,"minecraft:cat":1,"minecraft:piglin":4,"minecraft:pig":16,"minecraft:sheep":28,"minecraft:trader_llama":1,"minecraft:pillager":4,"minecraft:zombie":32,"minecraft:blaze":1,"minecraft:cow":7,"minecraft:slime":5,"minecraft:horse":2,"minecraft:drowned":1,"minecraft:bat":1,"minecraft:wandering_trader":1,"minecraft:squid":1,"minecraft:enderman":3},"minecraft:used":{"minecraft:iron_shovel":509,"minecraft:oak_sign":3,"minecraft:ladder":12,"minecraft:polished_basalt":6,"minecraft:chest":14,"minecraft:shield":152,"minecraft:obsidian":17,"minecraft:lava_bucket":31,"minecraft:bow":8,"minecraft:hay_block":34,"minecraft:furnace":10,"minecraft:gold_block":3,"minecraft:egg":19,"minecraft:diorite":1,"minecraft:stripped_birch_log":1,"minecraft:stone_pickaxe":1316,"minecraft:oak_planks":696,"minecraft:ender_pearl":3,"minecraft:redstone_block":26,"minecraft:blue_bed":2,"minecraft:respawn_anchor":1,"minecraft:sand":1,"minecraft:crossbow":4,"minecraft:pumpkin_seeds":9,"minecraft:lever":1,"minecraft:string":2,"minecraft:gravel":3,"minecraft:fire_charge":3,"minecraft:coal_block":17,"minecraft:andesite":8,"minecraft:oak_boat":2,"minecraft:bone_meal":90,"minecraft:experience_bottle":1,"minecraft:enchanting_table":6,"minecraft:stone_sword":219,"minecraft:flint_and_steel":8,"minecraft:stone_shovel":931,"minecraft:wooden_shovel":100,"minecraft:cooked_chicken":22,"minecraft:stone_hoe":132,"minecraft:netherrack":160,"minecraft:oak_door":3,"minecraft:torch":1082,"minecraft:dirt":1164,"minecraft:anvil":1,"minecraft:granite":6,"minecraft:oak_fence_gate":1,"minecraft:wooden_axe":55,"minecraft:bookshelf":34,"minecraft:iron_block":26,"minecraft:iron_axe":1345,"minecraft:oak_stairs":8,"minecraft:cooked_beef":25,"minecraft:pumpkin":6,"minecraft:wheat_seeds":563,"minecraft:cooked_mutton":21,"minecraft:water_bucket":347,"minecraft:cobblestone_stairs":9,"minecraft:birch_planks":19,"minecraft:glass_bottle":10,"minecraft:birch_boat":3,"minecraft:oak_slab":457,"minecraft:crafting_table":15,"minecraft:white_bed":17,"minecraft:oak_log":5,"minecraft:diamond_pickaxe":419,"minecraft:apple":8,"minecraft:wooden_hoe":89,"minecraft:flower_pot":2,"minecraft:oak_button":7,"minecraft:iron_pickaxe":537,"minecraft:stone_axe":664,"minecraft:cobblestone":278,"minecraft:potion":7,"minecraft:purple_bed":2,"minecraft:cooked_porkchop":54,"minecraft:lapis_block":10,"minecraft:bucket":379},"minecraft:crafted":{"minecraft:brick":574,"minecraft:oak_planks":1992,"minecraft:oak_sign":3,"minecraft:blaze_powder":2,"minecraft:birch_boat":1,"minecraft:cooked_chicken":17,"minecraft:birch_slab":438,"minecraft:cooked_mutton":44,"minecraft:glass":176,"minecraft:iron_boots":1,"minecraft:polished_basalt":4,"minecraft:chest":2,"minecraft:oak_button":7,"minecraft:bricks":130,"minecraft:stone_hoe":1,"minecraft:flower_pot":1,"minecraft:respawn_anchor":1,"minecraft:oak_slab":1866,"minecraft:wooden_shovel":3,"minecraft:cooked_porkchop":43,"minecraft:crafting_table":13,"minecraft:spruce_planks":48,"minecraft:iron_helmet":2,"minecraft:gold_block":3,"minecraft:hay_block":25,"minecraft:birch_planks":256,"minecraft:wooden_hoe":3,"minecraft:iron_chestplate":2,"minecraft:diamond_pickaxe":1,"minecraft:shield":3,"minecraft:stick":144,"minecraft:iron_ingot":257,"minecraft:iron_pickaxe":1,"minecraft:iron_block":24,"minecraft:stone_sword":1,"minecraft:gold_ingot":103,"minecraft:shears":2,"minecraft:oak_door":3,"minecraft:stone_shovel":5,"minecraft:coal":9,"minecraft:furnace":7,"minecraft:bone_meal":90,"minecraft:flint_and_steel":1,"minecraft:iron_axe":6,"minecraft:ladder":9,"minecraft:spruce_slab":90,"minecraft:stone_pickaxe":1,"minecraft:redstone_block":25,"minecraft:cooked_beef":14,"minecraft:coal_block":17,"minecraft:cooked_cod":3,"minecraft:enchanting_table":1,"minecraft:stone_axe":6,"minecraft:glowstone":18,"minecraft:air":0,"minecraft:bread":2,"minecraft:oak_boat":1,"minecraft:oak_fence_gate":1,"minecraft:gunpowder":8,"minecraft:oak_stairs":4,"minecraft:wooden_axe":1,"minecraft:iron_shovel":1,"minecraft:iron_leggings":1,"minecraft:anvil":1,"minecraft:white_bed":1,"minecraft:torch":656,"minecraft:lapis_lazuli":81,"minecraft:lapis_block":9},"minecraft:custom":{"minecraft:animals_bred":3,"minecraft:interact_with_crafting_table":117,"minecraft:leave_game":22,"minecraft:time_since_death":1017,"minecraft:sprint_one_cm":1994289,"minecraft:damage_blocked_by_shield":7000,"minecraft:drop":1351,"minecraft:talked_to_villager":2,"minecraft:deaths":74,"minecraft:jump":12535,"minecraft:interact_with_brewingstand":12,"minecraft:walk_on_water_one_cm":358103,"minecraft:enchant_item":10,"minecraft:interact_with_furnace":217,"minecraft:traded_with_villager":8,"minecraft:play_one_minute":1143720,"minecraft:sleep_in_bed":48,"minecraft:damage_dealt":23565,"minecraft:player_kills":3,"minecraft:crouch_one_cm":159324,"minecraft:interact_with_smoker":43,"minecraft:interact_with_smithing_table":2,"minecraft:interact_with_anvil":12,"minecraft:mob_kills":160,"minecraft:climb_one_cm":76059,"minecraft:walk_one_cm":2787100,"minecraft:sneak_time":63283,"minecraft:walk_under_water_one_cm":67055,"minecraft:boat_one_cm":146152,"minecraft:interact_with_blast_furnace":3,"minecraft:pot_flower":2,"minecraft:interact_with_stonecutter":3,"minecraft:time_since_rest":1074,"minecraft:damage_taken":27554,"minecraft:swim_one_cm":113755,"minecraft:fly_one_cm":1159116,"minecraft:open_chest":269,"minecraft:fall_one_cm":308881}},"DataVersion":2584}