{"stats":{"minecraft:killed_by":{"minecraft:player":6,"minecraft:skeleton":2,"minecraft:creeper":1,"minecraft:spider":1,"minecraft:zombie":2},"minecraft:killed":{"minecraft:pig":7,"minecraft:witch":1,"minecraft:spider":1,"minecraft:slime":2,"minecraft:sheep":3,"minecraft:skeleton":2,"minecraft:zombie":7,"minecraft:chicken":4,"minecraft:cow":1},"minecraft:used":{"minecraft:wheat_seeds":43,"minecraft:water_bucket":2,"minecraft:stone_sword":97,"minecraft:birch_planks":5,"minecraft:stone_pickaxe":240,"minecraft:stone_shovel":2028,"minecraft:chest":4,"minecraft:blue_bed":3,"minecraft:white_wool":1,"minecraft:torch":12,"minecraft:dirt":1577,"minecraft:crafting_table":5,"minecraft:granite":28,"minecraft:apple":6,"minecraft:stone_axe":269,"minecraft:cobblestone":9,"minecraft:purple_bed":1,"minecraft:oak_sapling":1,"minecraft:bucket":2,"minecraft:birch_stairs":5,"minecraft:cooked_beef":1,"minecraft:cooked_mutton":16},"minecraft:dropped":{"minecraft:sugar_cane":2,"minecraft:dirt":158,"minecraft:stone_pickaxe":15,"minecraft:string":1,"minecraft:bucket":2,"minecraft:bone":1},"minecraft:picked_up":{"minecraft:birch_log":7,"minecraft:crafting_table":4,"minecraft:leather_chestplate":1,"minecraft:wheat":11,"minecraft:feather":6,"minecraft:chicken":4,"minecraft:flower_pot":1,"minecraft:clay_ball":168,"minecraft:andesite":27,"minecraft:leather":1,"minecraft:red_mushroom":1,"minecraft:birch_planks":1,"minecraft:oak_log":61,"minecraft:lily_pad":85,"minecraft:cobblestone_wall":2,"minecraft:string":3,"minecraft:dirt":2171,"minecraft:blue_bed":3,"minecraft:leather_boots":1,"minecraft:cooked_mutton":22,"minecraft:bone":4,"minecraft:apple":6,"minecraft:wheat_seeds":54,"minecraft:bucket":2,"minecraft:spruce_planks":3,"minecraft:beef":4,"minecraft:stone_pickaxe":5,"minecraft:iron_ore":2,"minecraft:sugar_cane":15,"minecraft:birch_sapling":1,"minecraft:oak_planks":1,"minecraft:oak_slab":1,"minecraft:stick":40,"minecraft:torch":14,"minecraft:dandelion":1,"minecraft:porkchop":12,"minecraft:birch_stairs":4,"minecraft:spruce_sapling":2,"minecraft:white_bed":1,"minecraft:spruce_log":3,"minecraft:spider_eye":1,"minecraft:cauldron":1,"minecraft:arrow":3,"minecraft:purple_bed":2,"minecraft:rotten_flesh":5,"minecraft:slime_ball":2,"minecraft:granite":29,"minecraft:oak_sapling":45,"minecraft:mutton":4,"minecraft:coal":25,"minecraft:white_wool":4,"minecraft:cobblestone":231,"minecraft:stripped_oak_log":1},"minecraft:mined":{"minecraft:birch_stairs":4,"minecraft:oak_slab":4,"minecraft:white_bed":3,"minecraft:farmland":6,"minecraft:clay":26,"minecraft:crafting_table":4,"minecraft:torch":3,"minecraft:granite":20,"minecraft:grass_block":1255,"minecraft:cobblestone":2,"minecraft:spruce_leaves":37,"minecraft:lily_pad":72,"minecraft:oak_planks":1,"minecraft:sugar_cane":6,"minecraft:wall_torch":5,"minecraft:blue_bed":1,"minecraft:cauldron":1,"minecraft:large_fern":3,"minecraft:seagrass":32,"minecraft:purple_bed":1,"minecraft:birch_planks":1,"minecraft:cobblestone_wall":2,"minecraft:birch_log":7,"minecraft:iron_ore":3,"minecraft:wheat":16,"minecraft:spruce_log":4,"minecraft:birch_leaves":1,"minecraft:andesite":4,"minecraft:potted_red_mushroom":1,"minecraft:grass_path":5,"minecraft:grass":81,"minecraft:oak_log":64,"minecraft:coal_ore":25,"minecraft:vine":26,"minecraft:gravel":1,"minecraft:dirt":743,"minecraft:stripped_oak_log":1,"minecraft:stone":166,"minecraft:white_wool":1,"minecraft:oak_leaves":25,"minecraft:fern":1},"minecraft:broken":{"minecraft:stone_pickaxe":1,"minecraft:leather_boots":1,"minecraft:stone_axe":3,"minecraft:stone_shovel":14},"minecraft:crafted":{"minecraft:cooked_beef":3,"minecraft:oak_planks":32,"minecraft:stone_shovel":15,"minecraft:crafting_table":2,"minecraft:spruce_planks":12,"minecraft:oak_wood":3,"minecraft:birch_planks":28,"minecraft:stone_axe":4,"minecraft:stick":56,"minecraft:stone_pickaxe":15,"minecraft:stone_sword":1,"minecraft:chest":4},"minecraft:custom":{"minecraft:interact_with_furnace":1,"minecraft:mob_kills":28,"minecraft:interact_with_crafting_table":23,"minecraft:play_one_minute":257178,"minecraft:bell_ring":31,"minecraft:leave_game":5,"minecraft:time_since_death":7559,"minecraft:sleep_in_bed":17,"minecraft:climb_one_cm":25833,"minecraft:time_since_rest":5822,"minecraft:sprint_one_cm":459193,"minecraft:damage_taken":4659,"minecraft:walk_one_cm":574616,"minecraft:drop":27,"minecraft:damage_dealt":4600,"minecraft:player_kills":3,"minecraft:swim_one_cm":48277,"minecraft:fly_one_cm":323725,"minecraft:open_chest":16,"minecraft:crouch_one_cm":3000,"minecraft:sneak_time":2027,"minecraft:deaths":14,"minecraft:walk_under_water_one_cm":28446,"minecraft:jump":2524,"minecraft:walk_on_water_one_cm":240922,"minecraft:interact_with_smoker":3,"minecraft:fall_one_cm":49954}},"DataVersion":2584}