{"stats":{"minecraft:used":{"minecraft:stone_sword":219,"minecraft:stone_shovel":931,"minecraft:ladder":11,"minecraft:oak_sign":3,"minecraft:chest":7,"minecraft:shield":59,"minecraft:wooden_shovel":100,"minecraft:cooked_chicken":3,"minecraft:stone_hoe":132,"minecraft:oak_door":3,"minecraft:torch":191,"minecraft:dirt":995,"minecraft:oak_fence_gate":1,"minecraft:wooden_axe":55,"minecraft:oak_stairs":8,"minecraft:bow":8,"minecraft:hay_block":1,"minecraft:furnace":6,"minecraft:cooked_beef":8,"minecraft:pumpkin":6,"minecraft:cooked_mutton":2,"minecraft:wheat_seeds":338,"minecraft:water_bucket":275,"minecraft:birch_planks":19,"minecraft:stripped_birch_log":1,"minecraft:stone_pickaxe":593,"minecraft:oak_planks":562,"minecraft:birch_boat":3,"minecraft:blue_bed":1,"minecraft:oak_slab":445,"minecraft:crafting_table":6,"minecraft:white_bed":10,"minecraft:pumpkin_seeds":2,"minecraft:wooden_hoe":86,"minecraft:apple":8,"minecraft:string":2,"minecraft:gravel":3,"minecraft:stone_axe":664,"minecraft:cobblestone":24,"minecraft:purple_bed":2,"minecraft:cooked_porkchop":34,"minecraft:andesite":1,"minecraft:bucket":273,"minecraft:bone_meal":12},"minecraft:broken":{"minecraft:wooden_shovel":1,"minecraft:stone_sword":1,"minecraft:stone_pickaxe":4,"minecraft:leather_boots":1,"minecraft:stone_axe":7,"minecraft:wooden_axe":1,"minecraft:wooden_hoe":1,"minecraft:bow":1,"minecraft:stone_shovel":7},"minecraft:picked_up":{"minecraft:wooden_axe":1,"minecraft:crafting_table":4,"minecraft:allium":2,"minecraft:wheat":112,"minecraft:chicken":9,"minecraft:ladder":2,"minecraft:clay_ball":588,"minecraft:oak_stairs":8,"minecraft:string":9,"minecraft:iron_leggings":1,"minecraft:iron_shovel":1,"minecraft:blue_orchid":1,"minecraft:bucket":1,"minecraft:spruce_planks":1,"minecraft:beef":5,"minecraft:white_tulip":26,"minecraft:poppy":4,"minecraft:iron_pickaxe":1,"minecraft:chest":9,"minecraft:birch_sapling":14,"minecraft:egg":3,"minecraft:stick":51,"minecraft:torch":69,"minecraft:porkchop":11,"minecraft:diorite":3,"minecraft:stone_sword":1,"minecraft:arrow":13,"minecraft:stone_shovel":2,"minecraft:rotten_flesh":27,"minecraft:peony":6,"minecraft:hay_block":2,"minecraft:pink_tulip":20,"minecraft:gold_ingot":6,"minecraft:mutton":23,"minecraft:white_wool":16,"minecraft:cobblestone":226,"minecraft:birch_log":28,"minecraft:leather_chestplate":2,"minecraft:feather":14,"minecraft:cooked_beef":9,"minecraft:water_bucket":2,"minecraft:andesite":20,"minecraft:leather":5,"minecraft:birch_planks":2,"minecraft:flint":1,"minecraft:oak_log":246,"minecraft:lily_pad":19,"minecraft:gunpowder":2,"minecraft:stripped_birch_log":1,"minecraft:wooden_hoe":1,"minecraft:dirt":1058,"minecraft:blue_bed":1,"minecraft:leather_boots":1,"minecraft:cooked_mutton":4,"minecraft:bone":12,"minecraft:apple":12,"minecraft:bow":1,"minecraft:wheat_seeds":473,"minecraft:iron_ingot":10,"minecraft:stone_pickaxe":13,"minecraft:cooked_chicken":6,"minecraft:iron_ore":91,"minecraft:oak_planks":20,"minecraft:oak_slab":151,"minecraft:cooked_porkchop":11,"minecraft:birch_boat":3,"minecraft:pumpkin":6,"minecraft:sweet_berries":3,"minecraft:dandelion":4,"minecraft:gravel":5,"minecraft:birch_fence_gate":1,"minecraft:birch_stairs":1,"minecraft:spruce_sapling":4,"minecraft:grass_block":1,"minecraft:white_bed":11,"minecraft:spruce_log":12,"minecraft:lily_of_the_valley":37,"minecraft:pumpkin_seeds":2,"minecraft:purple_bed":2,"minecraft:slime_ball":2,"minecraft:stone_axe":2,"minecraft:granite":2,"minecraft:gray_wool":1,"minecraft:spruce_sign":1,"minecraft:oak_sapling":78,"minecraft:black_wool":1,"minecraft:coal":233,"minecraft:ender_pearl":2},"minecraft:killed":{"minecraft:spider":4,"minecraft:slime":5,"minecraft:horse":2,"minecraft:skeleton":9,"minecraft:chicken":11,"minecraft:cat":1,"minecraft:pig":8,"minecraft:bat":1,"minecraft:sheep":15,"minecraft:zombie":7,"minecraft:enderman":2,"minecraft:cow":3},"minecraft:custom":{"minecraft:mob_kills":69,"minecraft:interact_with_crafting_table":53,"minecraft:leave_game":8,"minecraft:time_since_death":18940,"minecraft:climb_one_cm":41102,"minecraft:sprint_one_cm":1000583,"minecraft:walk_one_cm":1314429,"minecraft:damage_blocked_by_shield":2420,"minecraft:drop":368,"minecraft:sneak_time":24984,"minecraft:deaths":22,"minecraft:walk_under_water_one_cm":26618,"minecraft:boat_one_cm":35795,"minecraft:jump":4602,"minecraft:walk_on_water_one_cm":181300,"minecraft:interact_with_furnace":50,"minecraft:play_one_minute":499259,"minecraft:sleep_in_bed":28,"minecraft:time_since_rest":5578,"minecraft:damage_taken":9047,"minecraft:damage_dealt":9060,"minecraft:swim_one_cm":42192,"minecraft:player_kills":3,"minecraft:fly_one_cm":334523,"minecraft:open_chest":62,"minecraft:crouch_one_cm":71450,"minecraft:interact_with_smoker":21,"minecraft:fall_one_cm":100590},"minecraft:mined":{"minecraft:white_bed":9,"minecraft:farmland":1,"minecraft:granite":11,"minecraft:allium":2,"minecraft:grass_block":463,"minecraft:birch_slab":2,"minecraft:spruce_leaves":20,"minecraft:large_fern":5,"minecraft:hay_block":1,"minecraft:tall_seagrass":58,"minecraft:iron_ore":91,"minecraft:andesite":37,"minecraft:pumpkin":6,"minecraft:peony":6,"minecraft:vine":10,"minecraft:oak_stairs":5,"minecraft:pink_tulip":20,"minecraft:white_tulip":26,"minecraft:blue_orchid":1,"minecraft:stone":188,"minecraft:tripwire":2,"minecraft:birch_stairs":1,"minecraft:oak_slab":59,"minecraft:lily_of_the_valley":37,"minecraft:dandelion":8,"minecraft:clay":167,"minecraft:crafting_table":4,"minecraft:torch":43,"minecraft:poppy":4,"minecraft:chest":9,"minecraft:tall_grass":52,"minecraft:lily_pad":18,"minecraft:oak_planks":23,"minecraft:diorite":2,"minecraft:blue_bed":2,"minecraft:wall_torch":7,"minecraft:seagrass":22,"minecraft:purple_bed":3,"minecraft:birch_planks":3,"minecraft:birch_log":27,"minecraft:wheat":178,"minecraft:spruce_log":4,"minecraft:birch_leaves":11,"minecraft:grass":361,"minecraft:oak_log":227,"minecraft:coal_ore":236,"minecraft:gravel":3,"minecraft:dirt":529,"minecraft:red_mushroom_block":1,"minecraft:oak_leaves":128,"minecraft:fern":3},"minecraft:dropped":{"minecraft:spruce_sign":1,"minecraft:wheat_seeds":31,"minecraft:oak_log":2,"minecraft:feather":14,"minecraft:cobblestone":52,"minecraft:apple":2,"minecraft:coal":64,"minecraft:dirt":96,"minecraft:diorite":2,"minecraft:wooden_axe":1,"minecraft:string":2,"minecraft:lily_pad":8,"minecraft:bucket":2,"minecraft:spruce_sapling":4,"minecraft:dandelion":4,"minecraft:pink_tulip":20,"minecraft:gravel":1,"minecraft:stone_axe":1,"minecraft:sweet_berries":3,"minecraft:stone_sword":1,"minecraft:rotten_flesh":21,"minecraft:cooked_mutton":22,"minecraft:white_bed":1,"minecraft:birch_fence_gate":1,"minecraft:poppy":4,"minecraft:leather_chestplate":2,"minecraft:spruce_planks":4,"minecraft:andesite":15,"minecraft:oak_sapling":20,"minecraft:wooden_shovel":1,"minecraft:birch_boat":1,"minecraft:stone_pickaxe":2},"minecraft:crafted":{"minecraft:brick":254,"minecraft:oak_door":3,"minecraft:oak_planks":800,"minecraft:stone_shovel":5,"minecraft:oak_sign":3,"minecraft:birch_boat":1,"minecraft:cooked_chicken":13,"minecraft:birch_slab":150,"minecraft:furnace":6,"minecraft:bone_meal":12,"minecraft:cooked_mutton":22,"minecraft:iron_boots":1,"minecraft:ladder":9,"minecraft:spruce_slab":90,"minecraft:stone_pickaxe":1,"minecraft:chest":2,"minecraft:bricks":63,"minecraft:stone_hoe":1,"minecraft:cooked_beef":2,"minecraft:oak_slab":468,"minecraft:wooden_shovel":2,"minecraft:cooked_porkchop":23,"minecraft:crafting_table":3,"minecraft:spruce_planks":48,"minecraft:iron_helmet":1,"minecraft:hay_block":1,"minecraft:birch_planks":112,"minecraft:stone_axe":6,"minecraft:oak_fence_gate":1,"minecraft:wooden_hoe":2,"minecraft:iron_chestplate":1,"minecraft:shield":2,"minecraft:stick":52,"minecraft:iron_ingot":93,"minecraft:wooden_axe":1,"minecraft:oak_stairs":4,"minecraft:stone_sword":1,"minecraft:iron_leggings":1,"minecraft:white_bed":1,"minecraft:torch":124,"minecraft:shears":2},"minecraft:killed_by":{"minecraft:player":1,"minecraft:creeper":3,"minecraft:spider":2,"minecraft:enderman":1,"minecraft:skeleton":6,"minecraft:zombie":5}},"DataVersion":2584}