{"stats":{"minecraft:crafted":{"minecraft:smooth_stone":48,"minecraft:oak_planks":1092,"minecraft:stone":39,"minecraft:lever":3,"minecraft:diamond_shovel":1,"minecraft:quartz_pillar":30,"minecraft:cooked_mutton":3,"minecraft:warped_planks":20,"minecraft:quartz_block":30,"minecraft:glass":16,"minecraft:diamond_helmet":1,"minecraft:repeater":3,"minecraft:bow":3,"minecraft:diamond_leggings":1,"minecraft:iron_boots":5,"minecraft:polished_blackstone":12,"minecraft:chest":159,"minecraft:oak_button":4,"minecraft:iron_door":3,"minecraft:glass_bottle":15,"minecraft:oak_slab":282,"minecraft:crafting_table":15,"minecraft:spruce_planks":156,"minecraft:iron_helmet":5,"minecraft:smithing_table":2,"minecraft:sticky_piston":4,"minecraft:brewing_stand":1,"minecraft:warped_door":3,"minecraft:cartography_table":1,"minecraft:iron_chestplate":4,"minecraft:book":2,"minecraft:diamond_pickaxe":4,"minecraft:shield":2,"minecraft:stick":72,"minecraft:iron_ingot":246,"minecraft:iron_pickaxe":8,"minecraft:gold_ingot":58,"minecraft:redstone_torch":6,"minecraft:netherite_ingot":6,"minecraft:shears":1,"minecraft:oak_door":6,"minecraft:redstone":9,"minecraft:coal":1,"minecraft:stone_shovel":2,"minecraft:smooth_stone_slab":2,"minecraft:netherite_sword":1,"minecraft:furnace":2,"minecraft:blast_furnace":1,"minecraft:piston":10,"minecraft:bone_meal":21,"minecraft:iron_axe":2,"minecraft:ladder":3,"minecraft:cobblestone_wall":57,"minecraft:diamond_boots":1,"minecraft:netherite_scrap":24,"minecraft:sugar":3,"minecraft:diamond_sword":2,"minecraft:iron_sword":3,"minecraft:bucket":1,"minecraft:air":0,"minecraft:bread":45,"minecraft:oak_boat":2,"minecraft:golden_apple":10,"minecraft:wooden_axe":1,"minecraft:iron_shovel":1,"minecraft:iron_leggings":6,"minecraft:armor_stand":2,"minecraft:anvil":1,"minecraft:diamond_chestplate":2},"minecraft:broken":{"minecraft:iron_leggings":1,"minecraft:stone_shovel":2,"minecraft:golden_axe":1,"minecraft:iron_pickaxe":2,"minecraft:iron_helmet":4},"minecraft:killed":{"minecraft:zombified_piglin":4,"minecraft:spider":1,"minecraft:skeleton":6,"minecraft:chicken":1,"minecraft:magma_cube":5,"minecraft:wolf":1,"minecraft:piglin":1,"minecraft:pig":1,"minecraft:creeper":3,"minecraft:zombie":72,"minecraft:ghast":2,"minecraft:blaze":2,"minecraft:cow":2,"minecraft:slime":44,"minecraft:llama":3,"minecraft:drowned":2,"minecraft:squid":1},"minecraft:custom":{"minecraft:interact_with_crafting_table":156,"minecraft:leave_game":88,"minecraft:time_since_death":75941,"minecraft:sprint_one_cm":1143673,"minecraft:damage_blocked_by_shield":2710,"minecraft:drop":1027,"minecraft:talked_to_villager":9,"minecraft:deaths":49,"minecraft:jump":8436,"minecraft:interact_with_brewingstand":11,"minecraft:walk_on_water_one_cm":368622,"minecraft:enchant_item":67,"minecraft:interact_with_furnace":90,"minecraft:interact_with_cartography_table":3,"minecraft:play_one_minute":1409818,"minecraft:sleep_in_bed":30,"minecraft:damage_dealt":23416,"minecraft:crouch_one_cm":546,"minecraft:interact_with_smoker":6,"minecraft:inspect_dispenser":4,"minecraft:horse_one_cm":4790,"minecraft:interact_with_smithing_table":20,"minecraft:interact_with_anvil":101,"minecraft:mob_kills":170,"minecraft:climb_one_cm":48431,"minecraft:walk_one_cm":3582376,"minecraft:sneak_time":1046,"minecraft:walk_under_water_one_cm":169214,"minecraft:boat_one_cm":128275,"minecraft:interact_with_blast_furnace":48,"minecraft:interact_with_grindstone":9,"minecraft:interact_with_stonecutter":10,"minecraft:time_since_rest":75945,"minecraft:damage_taken":21609,"minecraft:swim_one_cm":82567,"minecraft:fly_one_cm":1950504,"minecraft:open_chest":439,"minecraft:fall_one_cm":105843},"minecraft:dropped":{"minecraft:iron_sword":3,"minecraft:piston":6,"minecraft:soul_sand":17,"minecraft:diamond_axe":1,"minecraft:lapis_lazuli":40,"minecraft:cooked_beef":5,"minecraft:warped_fungus":1,"minecraft:golden_pickaxe":1,"minecraft:glass_bottle":12,"minecraft:diamond":35,"minecraft:iron_horse_armor":1,"minecraft:saddle":2,"minecraft:quartz_pillar":60,"minecraft:birch_slab":3,"minecraft:leather_helmet":4,"minecraft:flint":6,"minecraft:cobblestone_stairs":1,"minecraft:cracked_polished_blackstone_bricks":13,"minecraft:dirt":106,"minecraft:gold_nugget":176,"minecraft:sand":8,"minecraft:polished_blackstone_bricks":23,"minecraft:sugar":3,"minecraft:iron_pickaxe":8,"minecraft:birch_log":7,"minecraft:birch_stairs":3,"minecraft:gold_ingot":18,"minecraft:bone":3,"minecraft:gravel":130,"minecraft:blackstone":19,"minecraft:stone_axe":1,"minecraft:lever":4,"minecraft:iron_nugget":14,"minecraft:cooked_chicken":14,"minecraft:nether_brick":24,"minecraft:twisting_vines":3,"minecraft:wheat":12,"minecraft:netherite_sword":3,"minecraft:birch_sapling":4,"minecraft:obsidian":2,"minecraft:rotten_flesh":133,"minecraft:grindstone":1,"minecraft:oak_planks":1,"minecraft:diamond_shovel":1,"minecraft:carrot":1,"minecraft:leather_chestplate":2,"minecraft:coal_ore":2,"minecraft:chest":195,"minecraft:ladder":3,"minecraft:leather_leggings":1,"minecraft:iron_ore":15,"minecraft:basalt":2,"minecraft:glass":16,"minecraft:crying_obsidian":5,"minecraft:quartz":44,"minecraft:oak_leaves":51,"minecraft:netherrack":1695,"minecraft:egg":7,"minecraft:enchanted_book":5,"minecraft:water_bucket":6,"minecraft:iron_ingot":17,"minecraft:bread":66,"minecraft:oak_slab":341,"minecraft:wheat_seeds":171,"minecraft:mossy_cobblestone":32,"minecraft:smithing_table":1,"minecraft:golden_horse_armor":1,"minecraft:feather":11,"minecraft:cobblestone":1190,"minecraft:prismarine_crystals":4,"minecraft:book":4,"minecraft:spectral_arrow":74,"minecraft:apple":17,"minecraft:granite":46,"minecraft:command_block":1,"minecraft:grass_block":1,"minecraft:stick":11,"minecraft:diorite":52,"minecraft:wooden_hoe":1,"minecraft:repeater":5,"minecraft:white_concrete":6,"minecraft:iron_leggings":2,"minecraft:polished_andesite_stairs":12,"minecraft:smooth_stone":29,"minecraft:lily_pad":2,"minecraft:bucket":1,"minecraft:redstone":1,"minecraft:kelp":16,"minecraft:netherite_ingot":5,"minecraft:nether_wart":13,"minecraft:blaze_rod":1,"minecraft:sticky_piston":4,"minecraft:composter":1,"minecraft:stone_shovel":3,"minecraft:chicken":1,"minecraft:iron_boots":2,"minecraft:diamond_sword":4,"minecraft:filled_map":1,"minecraft:cobblestone_slab":87,"minecraft:stone":136,"minecraft:oak_button":15,"minecraft:spruce_planks":1,"minecraft:diamond_pickaxe":10,"minecraft:iron_chestplate":1,"minecraft:andesite":16,"minecraft:golden_leggings":2,"minecraft:oak_boat":3,"minecraft:oak_sapling":7,"minecraft:spruce_log":1,"minecraft:slime_ball":6,"minecraft:bow":1,"minecraft:stone_pickaxe":1,"minecraft:nether_quartz_ore":12,"minecraft:magma_block":6},"minecraft:picked_up":{"minecraft:iron_chestplate":1,"minecraft:wheat":157,"minecraft:redstone_block":1,"minecraft:diamond_sword":3,"minecraft:oak_stairs":3,"minecraft:enchanted_book":4,"minecraft:gilded_blackstone":3,"minecraft:nether_brick":24,"minecraft:string":13,"minecraft:cooked_salmon":3,"minecraft:iron_leggings":2,"minecraft:armor_stand":10,"minecraft:gold_nugget":254,"minecraft:smooth_stone":7,"minecraft:bucket":4,"minecraft:spruce_planks":1,"minecraft:redstone_torch":3,"minecraft:cobblestone_slab":53,"minecraft:iron_pickaxe":10,"minecraft:iron_boots":2,"minecraft:stick":59,"minecraft:composter":4,"minecraft:torch":77,"minecraft:diorite":97,"minecraft:nether_gold_ore":6,"minecraft:rotten_flesh":152,"minecraft:iron_block":10,"minecraft:glowstone":14,"minecraft:bookshelf":21,"minecraft:blaze_rod":3,"minecraft:obsidian":4,"minecraft:cobblestone":2633,"minecraft:birch_log":7,"minecraft:enchanting_table":1,"minecraft:magma_block":9,"minecraft:feather":11,"minecraft:cooked_beef":1,"minecraft:repeater":2,"minecraft:iron_door":1,"minecraft:birch_slab":4,"minecraft:water_bucket":2,"minecraft:andesite":105,"minecraft:golden_leggings":1,"minecraft:flint":66,"minecraft:lapis_lazuli":310,"minecraft:dirt":926,"minecraft:twisting_vines":3,"minecraft:leather_boots":2,"minecraft:glass":1,"minecraft:bone":7,"minecraft:chipped_anvil":1,"minecraft:wheat_seeds":242,"minecraft:grindstone":4,"minecraft:oak_planks":552,"minecraft:ghast_tear":1,"minecraft:cooked_porkchop":2,"minecraft:warped_wart_block":3,"minecraft:sand":19,"minecraft:grass_block":2,"minecraft:spectral_arrow":22,"minecraft:mossy_cobblestone":34,"minecraft:diamond":67,"minecraft:lever":2,"minecraft:cracked_polished_blackstone_bricks":13,"minecraft:granite":83,"minecraft:white_concrete":6,"minecraft:golden_horse_armor":2,"minecraft:emerald":8,"minecraft:bread":66,"minecraft:oak_sapling":26,"minecraft:netherrack":2180,"minecraft:oak_leaves":52,"minecraft:diamond_pickaxe":9,"minecraft:crafting_table":5,"minecraft:ladder":6,"minecraft:splash_potion":2,"minecraft:chicken":1,"minecraft:nether_wart":13,"minecraft:leather_leggings":2,"minecraft:iron_axe":2,"minecraft:blackstone":39,"minecraft:netherite_sword":2,"minecraft:beef":4,"minecraft:oak_boat":13,"minecraft:iron_nugget":7,"minecraft:chest":65,"minecraft:birch_sapling":8,"minecraft:egg":14,"minecraft:stone":198,"minecraft:oak_door":11,"minecraft:spruce_fence":1,"minecraft:fire_charge":2,"minecraft:polished_blackstone_bricks":25,"minecraft:quartz_pillar":30,"minecraft:carrot":2,"minecraft:redstone":14,"minecraft:iron_horse_armor":1,"minecraft:tnt":4,"minecraft:arrow":3,"minecraft:stone_shovel":1,"minecraft:diamond_chestplate":1,"minecraft:cooked_cod":3,"minecraft:nether_bricks":7,"minecraft:hay_block":7,"minecraft:saddle":2,"minecraft:gold_ingot":13,"minecraft:basalt":2,"minecraft:leather":11,"minecraft:birch_planks":1,"minecraft:oak_log":323,"minecraft:lily_pad":2,"minecraft:ancient_debris":23,"minecraft:golden_boots":1,"minecraft:cobblestone_wall":18,"minecraft:gunpowder":6,"minecraft:cobblestone_stairs":1,"minecraft:wooden_hoe":1,"minecraft:apple":8,"minecraft:warped_stem":5,"minecraft:heart_of_the_sea":1,"minecraft:iron_ingot":34,"minecraft:cooked_chicken":1,"minecraft:iron_ore":92,"minecraft:iron_sword":2,"minecraft:soul_sand":21,"minecraft:book":48,"minecraft:oak_slab":176,"minecraft:polished_andesite_stairs":24,"minecraft:warped_fungus":1,"minecraft:nether_quartz_ore":12,"minecraft:quartz":169,"minecraft:gravel":739,"minecraft:birch_stairs":3,"minecraft:white_bed":3,"minecraft:spruce_log":40,"minecraft:gold_ore":28,"minecraft:crying_obsidian":5,"minecraft:leather_helmet":3,"minecraft:diamond_shovel":1,"minecraft:coal_ore":4,"minecraft:slime_ball":52,"minecraft:white_concrete_powder":1,"minecraft:iron_helmet":1,"minecraft:diamond_axe":1,"minecraft:oak_button":24,"minecraft:coal":32,"minecraft:ender_pearl":1},"minecraft:killed_by":{"minecraft:zombified_piglin":4,"minecraft:piglin_brute":1,"minecraft:creeper":3,"minecraft:drowned":2,"minecraft:piglin":2,"minecraft:zombie":11,"minecraft:spider":1,"minecraft:enderman":1,"minecraft:skeleton":1},"minecraft:used":{"minecraft:iron_shovel":79,"minecraft:ladder":1,"minecraft:chest":13,"minecraft:shield":116,"minecraft:stone":52,"minecraft:iron_sword":275,"minecraft:carrot":1,"minecraft:lava_bucket":9,"minecraft:grass_block":330,"minecraft:polished_andesite_stairs":48,"minecraft:birch_trapdoor":1,"minecraft:hay_block":7,"minecraft:furnace":1,"minecraft:cooked_cod":3,"minecraft:egg":6,"minecraft:diorite":18,"minecraft:stone_pickaxe":188,"minecraft:oak_planks":760,"minecraft:composter":3,"minecraft:diamond_axe":686,"minecraft:golden_apple":3,"minecraft:oak_leaves":1,"minecraft:sand":10,"minecraft:blast_furnace":1,"minecraft:crossbow":8,"minecraft:shears":70,"minecraft:redstone_torch":2,"minecraft:lever":1,"minecraft:birch_slab":1,"minecraft:heavy_weighted_pressure_plate":9,"minecraft:bread":67,"minecraft:string":9,"minecraft:gravel":12,"minecraft:iron_door":10,"minecraft:diamond_sword":97,"minecraft:grindstone":3,"minecraft:smithing_table":1,"minecraft:andesite":3,"minecraft:oak_boat":10,"minecraft:golden_pickaxe":8,"minecraft:netherite_sword":68,"minecraft:enchanting_table":1,"minecraft:stone_sword":68,"minecraft:armor_stand":11,"minecraft:stone_shovel":271,"minecraft:redstone":12,"minecraft:spruce_planks":2,"minecraft:cooked_chicken":11,"minecraft:stone_hoe":3,"minecraft:netherrack":187,"minecraft:oak_door":12,"minecraft:dirt":429,"minecraft:torch":166,"minecraft:brewing_stand":1,"minecraft:warped_wart_block":3,"minecraft:anvil":1,"minecraft:cobblestone_wall":311,"minecraft:granite":26,"minecraft:wooden_axe":5,"minecraft:chipped_anvil":2,"minecraft:bookshelf":21,"minecraft:iron_axe":235,"minecraft:cooked_beef":58,"minecraft:golden_axe":31,"minecraft:cooked_mutton":5,"minecraft:water_bucket":18,"minecraft:iron_ore":4,"minecraft:birch_planks":1,"minecraft:cartography_table":1,"minecraft:cobblestone_slab":348,"minecraft:polished_blackstone_bricks":2,"minecraft:mossy_cobblestone":2,"minecraft:oak_slab":428,"minecraft:crafting_table":9,"minecraft:white_bed":4,"minecraft:oak_log":1,"minecraft:diamond_pickaxe":2218,"minecraft:apple":9,"minecraft:diamond_shovel":886,"minecraft:iron_pickaxe":2184,"minecraft:oak_button":10,"minecraft:stone_axe":4,"minecraft:cobblestone":625,"minecraft:cooked_porkchop":1,"minecraft:bucket":32,"minecraft:splash_potion":2},"minecraft:mined":{"minecraft:white_bed":2,"minecraft:spruce_planks":1,"minecraft:cobblestone_stairs":1,"minecraft:obsidian":1,"minecraft:granite":75,"minecraft:grass_block":129,"minecraft:cracked_polished_blackstone_bricks":14,"minecraft:white_concrete":2,"minecraft:composter":4,"minecraft:gilded_blackstone":3,"minecraft:polished_blackstone_bricks":35,"minecraft:tall_seagrass":7,"minecraft:magma_block":14,"minecraft:iron_ore":75,"minecraft:fire":31,"minecraft:oak_stairs":3,"minecraft:iron_block":10,"minecraft:tripwire":1,"minecraft:blackstone":26,"minecraft:torch":24,"minecraft:polished_andesite_stairs":26,"minecraft:chest":3,"minecraft:nether_quartz_ore":190,"minecraft:cobblestone":238,"minecraft:grindstone":4,"minecraft:oak_planks":300,"minecraft:wall_torch":35,"minecraft:seagrass":6,"minecraft:warped_nylium":2,"minecraft:birch_log":5,"minecraft:wheat":140,"minecraft:warped_fungus":1,"minecraft:grass":33,"minecraft:oak_log":279,"minecraft:sand":9,"minecraft:dirt":499,"minecraft:ancient_debris":20,"minecraft:netherrack":1600,"minecraft:oak_leaves":104,"minecraft:nether_gold_ore":51,"minecraft:diamond_ore":66,"minecraft:mossy_cobblestone":22,"minecraft:oak_door":12,"minecraft:nether_bricks":9,"minecraft:spruce_fence":1,"minecraft:redstone_wire":2,"minecraft:birch_slab":1,"minecraft:spruce_leaves":13,"minecraft:hay_block":7,"minecraft:redstone_ore":2,"minecraft:nether_sprouts":1,"minecraft:andesite":64,"minecraft:nether_brick_fence":1,"minecraft:bookshelf":14,"minecraft:potatoes":1,"minecraft:vine":12,"minecraft:cobblestone_slab":35,"minecraft:warped_stem":5,"minecraft:stone":1565,"minecraft:birch_stairs":3,"minecraft:oak_slab":152,"minecraft:redstone_block":1,"minecraft:basalt":3,"minecraft:crafting_table":5,"minecraft:lapis_ore":9,"minecraft:lily_pad":4,"minecraft:diorite":126,"minecraft:blue_bed":1,"minecraft:warped_wart_block":5,"minecraft:birch_planks":3,"minecraft:cobblestone_wall":21,"minecraft:redstone_torch":1,"minecraft:spruce_log":45,"minecraft:birch_leaves":8,"minecraft:coal_ore":31,"minecraft:gravel":704,"minecraft:oak_button":6,"minecraft:gold_ore":28,"minecraft:chipped_anvil":1,"minecraft:fern":1}},"DataVersion":2584}