{"stats":{"minecraft:used":{"minecraft:stone_sword":134,"minecraft:enchanting_table":1,"minecraft:stone_shovel":2589,"minecraft:redstone":16,"minecraft:chest":9,"minecraft:spruce_planks":336,"minecraft:shield":49,"minecraft:iron_sword":270,"minecraft:wooden_shovel":18,"minecraft:cooked_chicken":1,"minecraft:stone_hoe":68,"minecraft:netherrack":42,"minecraft:torch":125,"minecraft:dirt":2760,"minecraft:warped_wart_block":2,"minecraft:anvil":1,"minecraft:granite":99,"minecraft:lava_bucket":3,"minecraft:iron_block":1,"minecraft:iron_axe":273,"minecraft:warped_nylium":1,"minecraft:bow":9,"minecraft:oak_sapling":1,"minecraft:furnace":1,"minecraft:egg":20,"minecraft:cooked_beef":1,"minecraft:cooked_mutton":21,"minecraft:wheat_seeds":48,"minecraft:water_bucket":80,"minecraft:iron_ore":1,"minecraft:cobblestone_stairs":133,"minecraft:birch_planks":5,"minecraft:stone_pickaxe":1037,"minecraft:oak_planks":6,"minecraft:birch_boat":1,"minecraft:blue_bed":4,"minecraft:white_wool":4,"minecraft:crafting_table":13,"minecraft:white_bed":10,"minecraft:pumpkin_seeds":4,"minecraft:warped_planks":50,"minecraft:shears":3,"minecraft:piston":13,"minecraft:lever":9,"minecraft:apple":22,"minecraft:bread":38,"minecraft:iron_pickaxe":614,"minecraft:spruce_trapdoor":3,"minecraft:stone_axe":336,"minecraft:cobblestone":271,"minecraft:purple_bed":2,"minecraft:andesite":13,"minecraft:bucket":84,"minecraft:birch_stairs":5,"minecraft:oak_boat":18},"minecraft:dropped":{"minecraft:iron_ingot":9,"minecraft:bread":10,"minecraft:wheat_seeds":1,"minecraft:oak_log":12,"minecraft:apple":7,"minecraft:stick":7,"minecraft:cobblestone_stairs":1,"minecraft:dirt":222,"minecraft:torch":41,"minecraft:iron_axe":1,"minecraft:string":1,"minecraft:lily_pad":5,"minecraft:bucket":2,"minecraft:bone":1,"minecraft:sugar_cane":2,"minecraft:cooked_mutton":3,"minecraft:oak_boat":1,"minecraft:iron_ore":28,"minecraft:stone_pickaxe":20,"minecraft:egg":5},"minecraft:picked_up":{"minecraft:crafting_table":10,"minecraft:wheat":13,"minecraft:chicken":7,"minecraft:clay_ball":236,"minecraft:redstone_block":1,"minecraft:nether_brick_fence":1,"minecraft:flower_pot":1,"minecraft:anvil":1,"minecraft:string":6,"minecraft:iron_axe":2,"minecraft:iron_leggings":1,"minecraft:shroomlight":1,"minecraft:bucket":2,"minecraft:spruce_planks":54,"minecraft:beef":8,"minecraft:oak_boat":16,"minecraft:iron_nugget":7,"minecraft:sugar_cane":15,"minecraft:chest":2,"minecraft:birch_sapling":1,"minecraft:piston":13,"minecraft:spruce_trapdoor":3,"minecraft:egg":31,"minecraft:stick":53,"minecraft:torch":152,"minecraft:porkchop":12,"minecraft:diorite":83,"minecraft:warped_planks":1,"minecraft:redstone":62,"minecraft:cauldron":1,"minecraft:arrow":8,"minecraft:rotten_flesh":75,"minecraft:nether_bricks":6,"minecraft:hay_block":4,"minecraft:iron_block":4,"minecraft:gold_ingot":1,"minecraft:mutton":8,"minecraft:white_wool":13,"minecraft:cobblestone":1419,"minecraft:stripped_oak_log":1,"minecraft:birch_log":7,"minecraft:enchanting_table":1,"minecraft:leather_chestplate":1,"minecraft:feather":8,"minecraft:cooked_beef":3,"minecraft:magma_cream":1,"minecraft:andesite":80,"minecraft:leather":1,"minecraft:red_mushroom":1,"minecraft:birch_planks":1,"minecraft:flint":3,"minecraft:oak_log":74,"minecraft:lily_pad":116,"minecraft:cobblestone_wall":5,"minecraft:cobblestone_stairs":8,"minecraft:lapis_lazuli":1,"minecraft:blue_bed":4,"minecraft:dirt":3429,"minecraft:cooked_mutton":24,"minecraft:leather_boots":2,"minecraft:bone":10,"minecraft:apple":53,"minecraft:bow":1,"minecraft:wheat_seeds":65,"minecraft:warped_stem":13,"minecraft:grindstone":1,"minecraft:iron_ingot":33,"minecraft:stone_pickaxe":6,"minecraft:cooked_chicken":1,"minecraft:iron_ore":50,"minecraft:oak_planks":52,"minecraft:oak_slab":1,"minecraft:birch_boat":1,"minecraft:warped_wart_block":2,"minecraft:dandelion":1,"minecraft:lava_bucket":1,"minecraft:gravel":54,"minecraft:birch_stairs":4,"minecraft:spruce_sapling":10,"minecraft:white_bed":8,"minecraft:spruce_log":97,"minecraft:gold_ore":14,"minecraft:spider_eye":1,"minecraft:mossy_cobblestone":33,"minecraft:pumpkin_seeds":4,"minecraft:purple_bed":2,"minecraft:slime_ball":8,"minecraft:diamond":3,"minecraft:lever":8,"minecraft:granite":131,"minecraft:bread":1,"minecraft:oak_button":49,"minecraft:oak_sapling":46,"minecraft:netherrack":61,"minecraft:warped_nylium":1,"minecraft:coal":105,"minecraft:ender_pearl":4},"minecraft:killed_by":{"minecraft:player":6,"minecraft:wither_skeleton":2,"minecraft:creeper":1,"minecraft:spider":3,"minecraft:enderman":2,"minecraft:slime":2,"minecraft:skeleton":5,"minecraft:blaze":1,"minecraft:zombie":10},"minecraft:crafted":{"minecraft:oak_planks":156,"minecraft:redstone":9,"minecraft:stone_shovel":20,"minecraft:furnace":1,"minecraft:cobblestone_stairs":148,"minecraft:stone":9,"minecraft:lever":1,"minecraft:warped_planks":52,"minecraft:iron_boots":1,"minecraft:iron_axe":2,"minecraft:stone_pickaxe":24,"minecraft:chest":7,"minecraft:stone_hoe":1,"minecraft:wheat":36,"minecraft:cooked_beef":3,"minecraft:crafting_table":4,"minecraft:spruce_planks":388,"minecraft:iron_helmet":1,"minecraft:iron_sword":1,"minecraft:oak_wood":3,"minecraft:birch_planks":28,"minecraft:stone_axe":4,"minecraft:bread":55,"minecraft:air":0,"minecraft:oak_boat":4,"minecraft:white_wool":4,"minecraft:iron_chestplate":1,"minecraft:shield":2,"minecraft:stick":132,"minecraft:iron_ingot":50,"minecraft:iron_pickaxe":2,"minecraft:stone_sword":1,"minecraft:white_bed":4,"minecraft:torch":40},"minecraft:killed":{"minecraft:witch":1,"minecraft:spider":4,"minecraft:slime":17,"minecraft:skeleton":5,"minecraft:chicken":7,"minecraft:drowned":3,"minecraft:magma_cube":18,"minecraft:piglin":3,"minecraft:pig":7,"minecraft:sheep":3,"minecraft:zombie":24,"minecraft:wither_skeleton":1,"minecraft:enderman":6,"minecraft:blaze":2,"minecraft:cow":1},"minecraft:mined":{"minecraft:diamond_ore":2,"minecraft:spruce_planks":51,"minecraft:white_bed":11,"minecraft:farmland":6,"minecraft:mossy_cobblestone":17,"minecraft:cobblestone_stairs":8,"minecraft:spruce_trapdoor":3,"minecraft:lever":5,"minecraft:nether_bricks":6,"minecraft:granite":87,"minecraft:grass_block":1404,"minecraft:redstone_wire":8,"minecraft:spruce_leaves":91,"minecraft:large_fern":3,"minecraft:hay_block":4,"minecraft:tall_seagrass":10,"minecraft:redstone_ore":10,"minecraft:iron_ore":47,"minecraft:fire":36,"minecraft:andesite":58,"minecraft:potted_red_mushroom":1,"minecraft:anvil":1,"minecraft:enchanting_table":1,"minecraft:nether_brick_fence":1,"minecraft:vine":29,"minecraft:shroomlight":1,"minecraft:warped_stem":13,"minecraft:stripped_oak_log":1,"minecraft:iron_block":4,"minecraft:stone":913,"minecraft:white_wool":4,"minecraft:piston_head":4,"minecraft:birch_stairs":4,"minecraft:oak_slab":4,"minecraft:redstone_block":1,"minecraft:clay":42,"minecraft:crafting_table":10,"minecraft:torch":35,"minecraft:chest":2,"minecraft:cobblestone":200,"minecraft:lapis_ore":2,"minecraft:lily_pad":73,"minecraft:grindstone":1,"minecraft:oak_planks":6,"minecraft:sugar_cane":6,"minecraft:blue_bed":2,"minecraft:diorite":53,"minecraft:wall_torch":34,"minecraft:cauldron":1,"minecraft:warped_wart_block":2,"minecraft:seagrass":36,"minecraft:purple_bed":1,"minecraft:birch_planks":1,"minecraft:cobblestone_wall":3,"minecraft:warped_planks":1,"minecraft:birch_log":7,"minecraft:wheat":17,"minecraft:spruce_log":97,"minecraft:birch_leaves":1,"minecraft:grass_path":9,"minecraft:grass":89,"minecraft:coal_ore":94,"minecraft:oak_log":77,"minecraft:gravel":31,"minecraft:dirt":1213,"minecraft:oak_button":2,"minecraft:netherrack":54,"minecraft:gold_ore":14,"minecraft:piston":7,"minecraft:oak_leaves":25,"minecraft:fern":1,"minecraft:infested_stone":2},"minecraft:custom":{"minecraft:interact_with_anvil":4,"minecraft:mob_kills":104,"minecraft:interact_with_crafting_table":65,"minecraft:bell_ring":31,"minecraft:leave_game":52,"minecraft:time_since_death":91721,"minecraft:climb_one_cm":45138,"minecraft:sprint_one_cm":1215441,"minecraft:walk_one_cm":1586627,"minecraft:damage_blocked_by_shield":1910,"minecraft:drop":105,"minecraft:talked_to_villager":9,"minecraft:sneak_time":55340,"minecraft:deaths":37,"minecraft:walk_under_water_one_cm":127115,"minecraft:boat_one_cm":257657,"minecraft:jump":6502,"minecraft:interact_with_blast_furnace":1,"minecraft:enchant_item":6,"minecraft:walk_on_water_one_cm":423948,"minecraft:interact_with_furnace":20,"minecraft:play_one_minute":812521,"minecraft:sleep_in_bed":37,"minecraft:time_since_rest":2906,"minecraft:damage_taken":12931,"minecraft:damage_dealt":12969,"minecraft:player_kills":3,"minecraft:swim_one_cm":227627,"minecraft:fly_one_cm":877532,"minecraft:open_chest":150,"minecraft:crouch_one_cm":126914,"minecraft:fall_one_cm":131663,"minecraft:interact_with_smoker":6,"minecraft:inspect_dispenser":5},"minecraft:broken":{"minecraft:stone_sword":1,"minecraft:stone_pickaxe":7,"minecraft:shield":1,"minecraft:iron_axe":1,"minecraft:leather_boots":1,"minecraft:stone_axe":4,"minecraft:iron_sword":1,"minecraft:iron_helmet":1,"minecraft:stone_shovel":19}},"DataVersion":2584}