{"stats":{"minecraft:crafted":{"minecraft:brick":574,"minecraft:smooth_stone":13,"minecraft:oak_planks":2736,"minecraft:oak_sign":18,"minecraft:quartz_bricks":4,"minecraft:blaze_powder":2,"minecraft:birch_boat":1,"minecraft:cooked_chicken":30,"minecraft:birch_slab":438,"minecraft:stone":40,"minecraft:diamond_shovel":1,"minecraft:lever":2,"minecraft:cooked_mutton":44,"minecraft:quartz_pillar":96,"minecraft:warped_planks":8,"minecraft:quartz_block":119,"minecraft:glass":176,"minecraft:hopper":12,"minecraft:diamond_helmet":1,"minecraft:diamond_leggings":1,"minecraft:bow":1,"minecraft:iron_boots":1,"minecraft:polished_basalt":4,"minecraft:chest":12,"minecraft:oak_button":415,"minecraft:iron_door":3,"minecraft:rail":16,"minecraft:bricks":130,"minecraft:stone_hoe":1,"minecraft:flower_pot":1,"minecraft:respawn_anchor":1,"minecraft:dropper":3,"minecraft:quartz_stairs":24,"minecraft:item_frame":27,"minecraft:oak_slab":2016,"minecraft:wooden_shovel":4,"minecraft:cooked_porkchop":45,"minecraft:diamond_axe":1,"minecraft:crafting_table":14,"minecraft:spruce_planks":48,"minecraft:iron_helmet":2,"minecraft:gold_block":9,"minecraft:hopper_minecart":3,"minecraft:hay_block":25,"minecraft:birch_planks":572,"minecraft:dispenser":1,"minecraft:iron_chestplate":2,"minecraft:wooden_hoe":3,"minecraft:diamond_pickaxe":2,"minecraft:shield":4,"minecraft:stick":412,"minecraft:iron_ingot":550,"minecraft:iron_pickaxe":4,"minecraft:iron_block":38,"minecraft:stone_sword":1,"minecraft:gold_ingot":232,"minecraft:redstone_torch":7,"minecraft:composter":4,"minecraft:shears":2,"minecraft:oak_door":3,"minecraft:redstone":117,"minecraft:coal":72,"minecraft:stone_shovel":5,"minecraft:furnace":9,"minecraft:bone_meal":108,"minecraft:glass_pane":16,"minecraft:diamond_block":5,"minecraft:flint_and_steel":1,"minecraft:diamond":45,"minecraft:white_concrete_powder":440,"minecraft:iron_axe":7,"minecraft:ladder":9,"minecraft:spruce_slab":90,"minecraft:stone_pickaxe":1,"minecraft:diamond_boots":1,"minecraft:redstone_block":105,"minecraft:minecart":1,"minecraft:wheat":189,"minecraft:cooked_beef":16,"minecraft:coal_block":17,"minecraft:cooked_cod":3,"minecraft:diamond_sword":1,"minecraft:enchanting_table":1,"minecraft:bucket":2,"minecraft:stone_axe":6,"minecraft:glowstone":36,"minecraft:bread":61,"minecraft:air":0,"minecraft:oak_boat":4,"minecraft:oak_fence_gate":1,"minecraft:white_dye":55,"minecraft:gunpowder":8,"minecraft:oak_stairs":4,"minecraft:wooden_axe":1,"minecraft:iron_shovel":5,"minecraft:iron_leggings":1,"minecraft:anvil":2,"minecraft:white_bed":1,"minecraft:torch":696,"minecraft:lapis_lazuli":171,"minecraft:lapis_block":19,"minecraft:diamond_chestplate":1},"minecraft:killed":{"minecraft:zombified_piglin":6,"minecraft:witch":1,"minecraft:spider":17,"minecraft:cod":3,"minecraft:skeleton":32,"minecraft:chicken":26,"minecraft:silverfish":1,"minecraft:cat":1,"minecraft:piglin":8,"minecraft:pig":17,"minecraft:zombie_villager":1,"minecraft:creeper":6,"minecraft:sheep":28,"minecraft:trader_llama":1,"minecraft:pillager":5,"minecraft:zombie":412,"minecraft:ghast":1,"minecraft:blaze":1,"minecraft:cow":8,"minecraft:slime":5,"minecraft:horse":4,"minecraft:drowned":12,"minecraft:bat":1,"minecraft:wandering_trader":1,"minecraft:squid":1,"minecraft:enderman":4},"minecraft:broken":{"minecraft:golden_helmet":2,"minecraft:iron_shovel":6,"minecraft:golden_boots":1,"minecraft:wooden_shovel":1,"minecraft:leather_leggings":1,"minecraft:iron_boots":3,"minecraft:iron_chestplate":2,"minecraft:iron_leggings":2,"minecraft:stone_pickaxe":10,"minecraft:stone_axe":7,"minecraft:iron_sword":1,"minecraft:wooden_axe":1,"minecraft:bow":1,"minecraft:stone_shovel":7,"minecraft:stone_sword":1,"minecraft:shield":1,"minecraft:iron_axe":4,"minecraft:leather_boots":1,"minecraft:iron_pickaxe":3,"minecraft:iron_helmet":2,"minecraft:golden_pickaxe":1,"minecraft:wooden_hoe":1},"minecraft:custom":{"minecraft:animals_bred":3,"minecraft:interact_with_crafting_table":234,"minecraft:leave_game":36,"minecraft:time_since_death":0,"minecraft:sprint_one_cm":3388151,"minecraft:damage_blocked_by_shield":8270,"minecraft:drop":2035,"minecraft:talked_to_villager":2,"minecraft:deaths":142,"minecraft:jump":22769,"minecraft:interact_with_brewingstand":13,"minecraft:walk_on_water_one_cm":644283,"minecraft:enchant_item":39,"minecraft:interact_with_furnace":294,"minecraft:traded_with_villager":8,"minecraft:interact_with_cartography_table":1,"minecraft:play_one_minute":2157585,"minecraft:sleep_in_bed":93,"minecraft:damage_dealt":66523,"minecraft:player_kills":3,"minecraft:crouch_one_cm":327362,"minecraft:interact_with_smoker":49,"minecraft:inspect_dispenser":10,"minecraft:interact_with_smithing_table":5,"minecraft:interact_with_anvil":40,"minecraft:mob_kills":613,"minecraft:inspect_hopper":2,"minecraft:climb_one_cm":115399,"minecraft:walk_one_cm":5368631,"minecraft:sneak_time":128731,"minecraft:walk_under_water_one_cm":271046,"minecraft:boat_one_cm":322809,"minecraft:interact_with_blast_furnace":17,"minecraft:pot_flower":2,"minecraft:interact_with_stonecutter":6,"minecraft:interact_with_grindstone":6,"minecraft:time_since_rest":46,"minecraft:damage_taken":54518,"minecraft:swim_one_cm":346727,"minecraft:fly_one_cm":2689090,"minecraft:open_chest":747,"minecraft:fall_one_cm":610291},"minecraft:dropped":{"minecraft:spruce_sign":1,"minecraft:lapis_lazuli":64,"minecraft:cooked_beef":3,"minecraft:oak_log":43,"minecraft:golden_pickaxe":1,"minecraft:crafting_table":2,"minecraft:warped_roots":2,"minecraft:birch_slab":2,"minecraft:leather_helmet":1,"minecraft:red_mushroom":2,"minecraft:flint":9,"minecraft:dirt":753,"minecraft:mutton":4,"minecraft:sand":2,"minecraft:iron_pickaxe":3,"minecraft:birch_log":6,"minecraft:gold_ingot":188,"minecraft:bone":7,"minecraft:gravel":1,"minecraft:stone_axe":1,"minecraft:lever":3,"minecraft:ancient_debris":3,"minecraft:iron_nugget":7,"minecraft:cooked_chicken":1,"minecraft:golden_chestplate":2,"minecraft:nether_brick":9,"minecraft:wheat":11,"minecraft:netherite_sword":2,"minecraft:birch_sapling":2,"minecraft:rotten_flesh":460,"minecraft:oak_planks":429,"minecraft:cooked_mutton":24,"minecraft:white_bed":1,"minecraft:carrot":1,"minecraft:birch_fence_gate":1,"minecraft:chainmail_chestplate":1,"minecraft:poppy":4,"minecraft:leather_chestplate":6,"minecraft:gunpowder":2,"minecraft:quartz_block":65,"minecraft:glowstone":14,"minecraft:leather_boots":1,"minecraft:chest":66,"minecraft:leather_leggings":4,"minecraft:iron_ore":2,"minecraft:arrow":2,"minecraft:beef":4,"minecraft:warped_wart_block":2,"minecraft:white_concrete_powder":1,"minecraft:quartz":16,"minecraft:netherrack":385,"minecraft:enchanting_table":1,"minecraft:egg":7,"minecraft:stone_hoe":1,"minecraft:enchanted_book":2,"minecraft:iron_ingot":10,"minecraft:oak_slab":1,"minecraft:wheat_seeds":65,"minecraft:golden_helmet":3,"minecraft:bookshelf":21,"minecraft:feather":23,"minecraft:cobblestone":1023,"minecraft:book":8,"minecraft:apple":10,"minecraft:granite":133,"minecraft:chainmail_helmet":1,"minecraft:coal":74,"minecraft:stick":44,"minecraft:lava_bucket":1,"minecraft:diorite":132,"minecraft:ink_sac":1,"minecraft:torch":66,"minecraft:wooden_hoe":1,"minecraft:wooden_axe":1,"minecraft:fire_charge":2,"minecraft:potion":1,"minecraft:iron_leggings":1,"minecraft:iron_axe":1,"minecraft:iron_shovel":1,"minecraft:chainmail_leggings":1,"minecraft:string":6,"minecraft:lily_pad":13,"minecraft:bucket":6,"minecraft:spruce_sapling":6,"minecraft:dandelion":5,"minecraft:pink_tulip":20,"minecraft:redstone":42,"minecraft:furnace":2,"minecraft:sweet_berries":3,"minecraft:nether_wart":13,"minecraft:stone_sword":1,"minecraft:chicken":1,"minecraft:clay_ball":8,"minecraft:oak_sign":1,"minecraft:shears":1,"minecraft:lily_of_the_valley":1,"minecraft:shroomlight":4,"minecraft:potato":2,"minecraft:shield":5,"minecraft:oak_button":149,"minecraft:spruce_planks":6,"minecraft:diamond_pickaxe":5,"minecraft:andesite":79,"minecraft:golden_leggings":1,"minecraft:oak_boat":1,"minecraft:oak_sapling":30,"minecraft:wooden_shovel":2,"minecraft:golden_sword":1,"minecraft:slime_ball":29,"minecraft:birch_boat":1,"minecraft:bow":1,"minecraft:stone_pickaxe":3,"minecraft:nether_quartz_ore":6,"minecraft:magma_cream":1},"minecraft:picked_up":{"minecraft:wooden_axe":1,"minecraft:iron_chestplate":1,"minecraft:wheat":371,"minecraft:redstone_block":24,"minecraft:flower_pot":2,"minecraft:diamond_sword":1,"minecraft:oak_stairs":8,"minecraft:enchanted_book":6,"minecraft:potion":6,"minecraft:nether_brick":23,"minecraft:gilded_blackstone":5,"minecraft:golden_sword":1,"minecraft:lapis_block":20,"minecraft:string":31,"minecraft:sticky_piston":8,"minecraft:iron_leggings":2,"minecraft:netherite_ingot":5,"minecraft:shroomlight":24,"minecraft:oak_sign":9,"minecraft:gold_nugget":1213,"minecraft:smooth_stone":71,"minecraft:spruce_planks":3,"minecraft:bucket":5,"minecraft:white_tulip":26,"minecraft:redstone_torch":74,"minecraft:cobblestone_slab":1,"minecraft:iron_pickaxe":5,"minecraft:coal_block":17,"minecraft:iron_boots":4,"minecraft:furnace":7,"minecraft:golden_helmet":6,"minecraft:stick":134,"minecraft:torch":717,"minecraft:porkchop":33,"minecraft:diorite":251,"minecraft:warped_planks":14,"minecraft:golden_chestplate":2,"minecraft:cauldron":1,"minecraft:quartz_block":23,"minecraft:stone_sword":2,"minecraft:command_block":2,"minecraft:rotten_flesh":532,"minecraft:polished_basalt":2,"minecraft:iron_block":27,"minecraft:blaze_rod":2,"minecraft:obsidian":31,"minecraft:cod":3,"minecraft:cobblestone":3873,"minecraft:birch_log":149,"minecraft:enchanting_table":7,"minecraft:repeater":4,"minecraft:magma_block":325,"minecraft:cooked_beef":9,"minecraft:leather_chestplate":7,"minecraft:feather":29,"minecraft:lilac":1,"minecraft:water_bucket":8,"minecraft:birch_slab":1,"minecraft:andesite":346,"minecraft:golden_leggings":2,"minecraft:potato":5,"minecraft:flint":16,"minecraft:stripped_birch_log":1,"minecraft:lapis_lazuli":298,"minecraft:dirt":4268,"minecraft:twisting_vines":20,"minecraft:leather_boots":2,"minecraft:glass":17,"minecraft:bone":47,"minecraft:chipped_anvil":1,"minecraft:bow":4,"minecraft:wheat_seeds":1293,"minecraft:grindstone":1,"minecraft:glowstone_dust":148,"minecraft:oak_planks":424,"minecraft:ghast_tear":1,"minecraft:cooked_porkchop":75,"minecraft:warped_wart_block":9,"minecraft:dropper":1,"minecraft:birch_fence_gate":1,"minecraft:sand":1086,"minecraft:ink_sac":1,"minecraft:grass_block":1,"minecraft:lily_of_the_valley":38,"minecraft:spectral_arrow":146,"minecraft:quartz_bricks":4,"minecraft:dispenser":2,"minecraft:diamond":61,"minecraft:lever":8,"minecraft:cracked_polished_blackstone_bricks":5,"minecraft:crossbow":1,"minecraft:granite":270,"minecraft:bone_meal":2,"minecraft:white_concrete":140,"minecraft:spruce_sign":1,"minecraft:bread":6,"minecraft:emerald":5,"minecraft:chainmail_helmet":1,"minecraft:oak_sapling":138,"minecraft:netherrack":2551,"minecraft:diamond_pickaxe":7,"minecraft:crafting_table":16,"minecraft:allium":3,"minecraft:splash_potion":5,"minecraft:nether_wart":27,"minecraft:chicken":24,"minecraft:ladder":7,"minecraft:clay_ball":604,"minecraft:golden_pickaxe":2,"minecraft:leather_leggings":4,"minecraft:gold_block":10,"minecraft:shield":4,"minecraft:iron_axe":1,"minecraft:item_frame":30,"minecraft:iron_shovel":2,"minecraft:blackstone":161,"minecraft:blue_orchid":1,"minecraft:netherite_sword":2,"minecraft:beef":15,"minecraft:oak_boat":5,"minecraft:iron_nugget":179,"minecraft:poppy":4,"minecraft:minecart":1,"minecraft:sugar_cane":9,"minecraft:quartz_stairs":5,"minecraft:chest":211,"minecraft:birch_sapling":19,"minecraft:piston":4,"minecraft:egg":52,"minecraft:stone":4,"minecraft:fire_charge":9,"minecraft:polished_blackstone_bricks":1,"minecraft:quartz_pillar":33,"minecraft:carrot":1,"minecraft:redstone":1115,"minecraft:prismarine_crystals":9,"minecraft:arrow":63,"minecraft:stone_shovel":2,"minecraft:peony":6,"minecraft:nether_bricks":1,"minecraft:shears":2,"minecraft:hay_block":32,"minecraft:pink_tulip":20,"minecraft:gold_ingot":84,"minecraft:mutton":43,"minecraft:white_wool":34,"minecraft:basalt":7,"minecraft:leather":41,"minecraft:red_mushroom":3,"minecraft:birch_planks":8,"minecraft:filled_map":1,"minecraft:oak_log":773,"minecraft:chainmail_chestplate":1,"minecraft:lily_pad":81,"minecraft:ancient_debris":3,"minecraft:golden_boots":1,"minecraft:cobblestone_wall":2,"minecraft:gunpowder":11,"minecraft:cobblestone_stairs":10,"minecraft:wooden_hoe":1,"minecraft:blue_bed":4,"minecraft:white_banner":1,"minecraft:cooked_mutton":71,"minecraft:apple":20,"minecraft:kelp":156,"minecraft:warped_stem":17,"minecraft:iron_ingot":53,"minecraft:stone_pickaxe":21,"minecraft:cooked_chicken":76,"minecraft:iron_ore":411,"minecraft:glass_bottle":2,"minecraft:soul_sand":80,"minecraft:iron_sword":1,"minecraft:book":31,"minecraft:oak_slab":188,"minecraft:warped_fungus":1,"minecraft:nether_quartz_ore":6,"minecraft:birch_boat":4,"minecraft:pumpkin":6,"minecraft:sweet_berries":3,"minecraft:quartz":488,"minecraft:dandelion":6,"minecraft:gravel":345,"minecraft:birch_stairs":1,"minecraft:spruce_sapling":8,"minecraft:white_bed":19,"minecraft:spruce_log":12,"minecraft:crying_obsidian":17,"minecraft:gold_ore":36,"minecraft:spider_eye":3,"minecraft:leather_helmet":1,"minecraft:slime_ball":14,"minecraft:pumpkin_seeds":9,"minecraft:purple_bed":2,"minecraft:white_concrete_powder":190,"minecraft:stone_axe":2,"minecraft:chainmail_leggings":1,"minecraft:gray_wool":1,"minecraft:warped_roots":2,"minecraft:oak_button":172,"minecraft:damaged_anvil":3,"minecraft:black_wool":2,"minecraft:warped_nylium":1,"minecraft:coal":419,"minecraft:ender_pearl":5},"minecraft:killed_by":{"minecraft:zombified_piglin":6,"minecraft:creeper":9,"minecraft:pillager":2,"minecraft:drowned":4,"minecraft:piglin":7,"minecraft:silverfish":1,"minecraft:zombie":47,"minecraft:endermite":1,"minecraft:player":1,"minecraft:spider":9,"minecraft:enderman":8,"minecraft:skeleton":19},"minecraft:used":{"minecraft:oak_sign":26,"minecraft:iron_shovel":1519,"minecraft:dispenser":4,"minecraft:ladder":12,"minecraft:polished_basalt":6,"minecraft:white_concrete_powder":395,"minecraft:shield":182,"minecraft:chest":145,"minecraft:iron_sword":250,"minecraft:quartz_stairs":29,"minecraft:soul_sand":19,"minecraft:obsidian":17,"minecraft:lava_bucket":31,"minecraft:quartz_pillar":111,"minecraft:quartz_block":2,"minecraft:hopper_minecart":3,"minecraft:item_frame":42,"minecraft:repeater":3,"minecraft:magma_block":5,"minecraft:bow":130,"minecraft:hay_block":34,"minecraft:cooked_cod":5,"minecraft:furnace":12,"minecraft:gold_block":7,"minecraft:egg":37,"minecraft:damaged_anvil":3,"minecraft:oak_planks":950,"minecraft:diorite":1,"minecraft:dropper":2,"minecraft:stripped_birch_log":1,"minecraft:stone_pickaxe":1316,"minecraft:ender_pearl":3,"minecraft:redstone_block":26,"minecraft:diamond_axe":123,"minecraft:blue_bed":4,"minecraft:respawn_anchor":1,"minecraft:sand":16,"minecraft:crossbow":4,"minecraft:pumpkin_seeds":9,"minecraft:sticky_piston":4,"minecraft:redstone_torch":75,"minecraft:lever":3,"minecraft:string":2,"minecraft:bread":20,"minecraft:iron_door":1,"minecraft:gravel":5,"minecraft:diamond_sword":93,"minecraft:coal_block":17,"minecraft:fire_charge":3,"minecraft:andesite":27,"minecraft:stone_sword":219,"minecraft:golden_pickaxe":24,"minecraft:oak_boat":8,"minecraft:grindstone":1,"minecraft:white_concrete":388,"minecraft:bone_meal":90,"minecraft:flint_and_steel":8,"minecraft:experience_bottle":1,"minecraft:enchanting_table":7,"minecraft:stone_shovel":931,"minecraft:redstone":35,"minecraft:wooden_shovel":100,"minecraft:stone_hoe":132,"minecraft:cooked_chicken":95,"minecraft:netherrack":205,"minecraft:oak_door":3,"minecraft:torch":1241,"minecraft:dirt":2938,"minecraft:warped_wart_block":1,"minecraft:anvil":2,"minecraft:hopper":2,"minecraft:oak_fence_gate":1,"minecraft:granite":6,"minecraft:shroomlight":21,"minecraft:wooden_axe":55,"minecraft:chipped_anvil":1,"minecraft:bookshelf":34,"minecraft:iron_axe":2098,"minecraft:iron_block":40,"minecraft:oak_stairs":8,"minecraft:cooked_beef":27,"minecraft:pumpkin":6,"minecraft:quartz_bricks":4,"minecraft:wheat_seeds":563,"minecraft:cooked_mutton":80,"minecraft:water_bucket":481,"minecraft:cobblestone_stairs":9,"minecraft:birch_planks":203,"minecraft:glass_bottle":10,"minecraft:birch_boat":3,"minecraft:rail":1,"minecraft:oak_slab":460,"minecraft:crafting_table":16,"minecraft:white_bed":18,"minecraft:flower_pot":2,"minecraft:wooden_hoe":89,"minecraft:diamond_pickaxe":10936,"minecraft:apple":8,"minecraft:oak_log":5,"minecraft:diamond_shovel":2833,"minecraft:oak_button":416,"minecraft:iron_pickaxe":1306,"minecraft:stone_axe":664,"minecraft:cobblestone":1712,"minecraft:potion":7,"minecraft:purple_bed":2,"minecraft:cooked_porkchop":56,"minecraft:bucket":510,"minecraft:lapis_block":20,"minecraft:kelp":62,"minecraft:splash_potion":1,"minecraft:smooth_stone":47},"minecraft:mined":{"minecraft:white_bed":16,"minecraft:farmland":1,"minecraft:cobblestone_stairs":9,"minecraft:obsidian":25,"minecraft:granite":315,"minecraft:grass_block":1856,"minecraft:cracked_polished_blackstone_bricks":5,"minecraft:white_concrete":322,"minecraft:coal_block":17,"minecraft:oak_wall_sign":2,"minecraft:nether_wart":2,"minecraft:chiseled_stone_bricks":1,"minecraft:gilded_blackstone":5,"minecraft:polished_blackstone_bricks":1,"minecraft:smooth_stone":44,"minecraft:tall_seagrass":105,"minecraft:magma_block":386,"minecraft:glowstone":51,"minecraft:iron_ore":383,"minecraft:sticky_piston":4,"minecraft:fire":169,"minecraft:pumpkin":6,"minecraft:enchanting_table":7,"minecraft:twisting_vines":5,"minecraft:oak_sign":3,"minecraft:oak_stairs":5,"minecraft:pink_tulip":20,"minecraft:blue_orchid":1,"minecraft:iron_block":27,"minecraft:tripwire":2,"minecraft:quartz_block":2,"minecraft:blackstone":46,"minecraft:twisting_vines_plant":9,"minecraft:kelp_plant":26,"minecraft:crimson_nylium":11,"minecraft:clay":175,"minecraft:torch":454,"minecraft:poppy":4,"minecraft:chest":14,"minecraft:nether_quartz_ore":420,"minecraft:cobblestone":953,"minecraft:damaged_anvil":3,"minecraft:oak_planks":173,"minecraft:sugar_cane":4,"minecraft:wall_torch":131,"minecraft:seagrass":57,"minecraft:warped_nylium":18,"minecraft:birch_log":138,"minecraft:lapis_block":20,"minecraft:wheat":433,"minecraft:lilac":2,"minecraft:pumpkin_stem":4,"minecraft:grass":512,"minecraft:oak_log":697,"minecraft:sand":698,"minecraft:dirt":2946,"minecraft:dispenser":3,"minecraft:red_mushroom_block":1,"minecraft:ancient_debris":3,"minecraft:netherrack":4259,"minecraft:oak_leaves":280,"minecraft:nether_gold_ore":295,"minecraft:diamond_ore":28,"minecraft:quartz_stairs":5,"minecraft:sea_lantern":2,"minecraft:lever":2,"minecraft:nether_bricks":2,"minecraft:allium":2,"minecraft:redstone_wire":36,"minecraft:birch_slab":2,"minecraft:spruce_leaves":20,"minecraft:kelp":9,"minecraft:red_mushroom":2,"minecraft:white_concrete_powder":9,"minecraft:large_fern":6,"minecraft:hay_block":30,"minecraft:redstone_ore":217,"minecraft:furnace":5,"minecraft:polished_basalt":2,"minecraft:andesite":405,"minecraft:peony":6,"minecraft:gold_block":10,"minecraft:bookshelf":10,"minecraft:cobblestone_slab":1,"minecraft:shroomlight":21,"minecraft:vine":37,"minecraft:warped_stem":17,"minecraft:white_tulip":26,"minecraft:stone":4260,"minecraft:potted_allium":1,"minecraft:redstone_wall_torch":12,"minecraft:birch_stairs":1,"minecraft:oak_slab":76,"minecraft:redstone_block":24,"minecraft:soul_sand":33,"minecraft:lily_of_the_valley":38,"minecraft:basalt":9,"minecraft:dandelion":8,"minecraft:crafting_table":12,"minecraft:emerald_ore":6,"minecraft:dropper":1,"minecraft:warped_roots":2,"minecraft:tall_grass":80,"minecraft:quartz_bricks":4,"minecraft:lapis_ore":27,"minecraft:lily_pad":30,"minecraft:diorite":321,"minecraft:blue_bed":4,"minecraft:warped_wart_block":7,"minecraft:purple_bed":3,"minecraft:birch_planks":7,"minecraft:redstone_torch":64,"minecraft:spruce_log":4,"minecraft:birch_leaves":24,"minecraft:quartz_pillar":3,"minecraft:grass_path":1,"minecraft:coal_ore":399,"minecraft:gravel":167,"minecraft:oak_button":7,"minecraft:gold_ore":36,"minecraft:chipped_anvil":1,"minecraft:infested_stone":9,"minecraft:fern":3}},"DataVersion":2584}