{"stats":{"minecraft:used":{"minecraft:cooked_chicken":1,"minecraft:dirt":5,"minecraft:stone_pickaxe":50},"minecraft:dropped":{"minecraft:wheat_seeds":4},"minecraft:picked_up":{"minecraft:wheat":1,"minecraft:wheat_seeds":6,"minecraft:dirt":12,"minecraft:cobblestone":38},"minecraft:mined":{"minecraft:grass_block":1,"minecraft:dirt":11,"minecraft:stone":38},"minecraft:crafted":{"minecraft:air":0,"minecraft:cooked_mutton":1},"minecraft:custom":{"minecraft:time_since_rest":9573,"minecraft:interact_with_furnace":1,"minecraft:play_one_minute":18628,"minecraft:sprint_one_cm":12076,"minecraft:damage_taken":40,"minecraft:walk_one_cm":38768,"minecraft:sneak_time":4,"minecraft:drop":4,"minecraft:jump":94,"minecraft:leave_game":1,"minecraft:time_since_death":18628,"minecraft:walk_on_water_one_cm":1199,"minecraft:sleep_in_bed":1,"minecraft:interact_with_smoker":2,"minecraft:fall_one_cm":1446,"minecraft:fly_one_cm":2441}},"DataVersion":2584}