[{"name":"cluster0p","uuid":"1f733dd5-fae2-3cb2-a92d-7cb2175bdbdd","expiresOn":"2020-12-13 16:24:41 +0000"},{"name":"turbowine88","uuid":"693ed8db-689b-3c88-ac50-912d687133eb","expiresOn":"2020-12-13 16:00:56 +0000"},{"name":"turbowine\u001b[a\u001b[a","uuid":"f9ae3c3a-1ffc-3172-82b2-758d07efb4c4","expiresOn":"2020-12-13 15:29:53 +0000"},{"name":"Johnwick0p","uuid":"786a6ff4-4e4e-3bd3-9dfd-04411c88ddad","expiresOn":"2020-12-13 15:22:27 +0000"},{"name":"Doreamon_blast","uuid":"8584906b-bf65-30ad-8681-3bfe37986dc4","expiresOn":"2020-12-08 17:04:33 +0000"},{"name":"johnwickop","uuid":"d7e101d0-1819-39e6-9ad2-df6e469e403f","expiresOn":"2020-12-08 09:28:48 +0000"},{"name":"doreamon_blast","uuid":"0e7cd4df-eaa1-3fb2-9d8a-6e083b2523ab","expiresOn":"2020-12-06 18:45:40 +0000"}]