[
  {
    "uuid": "8584906b-bf65-30ad-8681-3bfe37986dc4",
    "name": "Doreamon_blast",
    "level": 4,
    "bypassesPlayerLimit": false
  },
  {
    "uuid": "d7e101d0-1819-39e6-9ad2-df6e469e403f",
    "name": "johnwickop",
    "level": 4,
    "bypassesPlayerLimit": false
  },
  {
    "uuid": "693ed8db-689b-3c88-ac50-912d687133eb",
    "name": "turbowine88",
    "level": 4,
    "bypassesPlayerLimit": false
  },
  {
    "uuid": "0e7cd4df-eaa1-3fb2-9d8a-6e083b2523ab",
    "name": "doreamon_blast",
    "level": 4,
    "bypassesPlayerLimit": false
  },
  {
    "uuid": "1f733dd5-fae2-3cb2-a92d-7cb2175bdbdd",
    "name": "cluster0p",
    "level": 4,
    "bypassesPlayerLimit": false
  },
  {
    "uuid": "786a6ff4-4e4e-3bd3-9dfd-04411c88ddad",
    "name": "Johnwick0p",
    "level": 4,
    "bypassesPlayerLimit": false
  }
]